model,T,forward,log_moneyness,strike,call_price,put_price,otm_type,otm_price,implied_vol
Heston Monte Carlo,0.019178082191780823,100.03836352130087,-0.09177215189873417,91.26629900392588,8.759987312434198,0.00024284765280752603,P,0.00024284765280752603,0.19606352813204292
Heston Monte Carlo,0.019178082191780823,100.03836352130087,-0.08227848101265822,92.1368771621747,7.890792745341813,0.0011257022862241573,P,0.0011257022862241573,0.19999594456323447
Heston Monte Carlo,0.019178082191780823,100.03836352130087,-0.07278481012658228,93.01575965989922,7.014647628928686,0.003357570609767227,P,0.003357570609767227,0.19867957598600272
Heston Monte Carlo,0.019178082191780823,100.03836352130087,-0.06329113924050633,93.90302571118664,6.133228822516305,0.008694480469862834,P,0.008694480469862834,0.1957921034814398
Heston Monte Carlo,0.019178082191780823,100.03836352130087,-0.05379746835443039,94.79875528573768,5.252127919701022,0.02280794916685385,P,0.02280794916685385,0.19502782292533594
Heston Monte Carlo,0.019178082191780823,100.03836352130087,-0.044303797468354444,95.70302911607442,4.3787524077387605,0.053186150043289804,P,0.053186150043289804,0.19316532679144188
Heston Monte Carlo,0.019178082191780823,100.03836352130087,-0.034810126582278444,96.61592870481661,3.527787655047384,0.11459590725826756,P,0.11459590725826756,0.19111289673206067
Heston Monte Carlo,0.019178082191780823,100.03836352130087,-0.0253164556962025,97.53753633202761,2.721467947658371,0.22935373958111108,P,0.22935373958111108,0.1890930583061129
Heston Monte Carlo,0.019178082191780823,100.03836352130087,-0.015822784810126556,98.46793506263037,1.9869090680970016,0.4246584466829927,P,0.4246584466829927,0.18680021198118835
Heston Monte Carlo,0.019178082191780823,100.03836352130087,-0.006329113924050611,99.40720875389401,1.3536205529296392,0.7301033741666062,P,0.7301033741666062,0.18424035081804277
Heston Monte Carlo,0.019178082191780823,100.03836352130087,0.0031645569620253333,100.355442062992,0.8476228994564841,1.171793627812771,C,0.8476228994564841,0.18040878265164173
Heston Monte Carlo,0.019178082191780823,100.03836352130087,0.012658227848101333,101.31272045463236,0.48115137143361597,1.7620498869282681,C,0.48115137143361597,0.17817521966508576
Heston Monte Carlo,0.019178082191780823,100.03836352130087,0.022151898734177222,102.27913020876052,0.24251052167647913,2.4892629346477326,C,0.24251052167647913,0.17574271220715126
Heston Monte Carlo,0.019178082191780823,100.03836352130087,0.03164556962025322,103.25475842833589,0.10524792223826003,3.3270673958841477,C,0.10524792223826003,0.17269619774683936
Heston Monte Carlo,0.019178082191780823,100.03836352130087,0.04113924050632911,104.23969304718243,0.038688354823915014,4.244875935588874,C,0.038688354823915014,0.16965876368161184
Heston Monte Carlo,0.019178082191780823,100.03836352130087,0.05063291139240511,105.23402283791422,0.011687067347443942,5.211632523230075,C,0.011687067347443942,0.16649560106906264
Heston Monte Carlo,0.019178082191780823,100.03836352130087,0.060126582278481,106.23783741993648,0.0026525240299062184,6.205835190886956,C,0.0026525240299062184,0.16223968042899967
Heston Monte Carlo,0.019178082191780823,100.03836352130087,0.069620253164557,107.25122726752315,0.0004778896165243144,7.216467525540018,C,0.0004778896165243144,0.1587838031318343
Heston Monte Carlo,0.038356164383561646,100.07674176019941,-0.1962025316455696,82.2476466954091,17.809081549314456,0.00011161650955665125,P,0.00011161650955665125,0.26896954528969763
Heston Monte Carlo,0.038356164383561646,100.07674176019941,-0.18670886075949367,83.03219702298739,17.02547339069339,0.00015153442964675732,P,0.00015153442964675732,0.26152850145081996
Heston Monte Carlo,0.038356164383561646,100.07674176019941,-0.17721518987341772,83.8242310809973,16.234429302503656,0.00023064674969771885,P,0.00023064674969771885,0.25578976626332284
Heston Monte Carlo,0.038356164383561646,100.07674176019941,-0.16772151898734178,84.62382025583585,15.4359364776332,0.00040745065827263053,P,0.00040745065827263053,0.2525282001077366
Heston Monte Carlo,0.038356164383561646,100.07674176019941,-0.15822784810126583,85.43103661484625,14.630050083035579,0.0008090975731384896,P,0.0008090975731384896,0.2516079043942452
Heston Monte Carlo,0.038356164383561646,100.07674176019941,-0.1487341772151899,86.24595291281338,13.816739602900226,0.0014777427989596647,P,0.0014777427989596647,0.24943114277140138
Heston Monte Carlo,0.038356164383561646,100.07674176019941,-0.1392405063291139,87.06864259852115,12.996284284279351,0.0027659977040999373,P,0.0027659977040999373,0.2481478547719538
Heston Monte Carlo,0.038356164383561646,100.07674176019941,-0.12974683544303794,87.89917982137254,12.169042967593946,0.005106766838996281,P,0.005106766838996281,0.24707780238876373
Heston Monte Carlo,0.038356164383561646,100.07674176019941,-0.120253164556962,88.73763943807268,11.335223900611247,0.00878306858899491,P,0.00878306858899491,0.2447013652063218
Heston Monte Carlo,0.038356164383561646,100.07674176019941,-0.11075949367088606,89.58409701937575,10.495465943818774,0.014509247287792114,P,0.014509247287792114,0.24156455902258148
Heston Monte Carlo,0.038356164383561646,100.07674176019941,-0.10126582278481011,90.43862885689614,9.651267211951188,0.02385962154722753,P,0.02385962154722753,0.2386622598626604
Heston Monte Carlo,0.038356164383561646,100.07674176019941,-0.09177215189873417,91.30131196998478,8.804236783223072,0.03852020035875945,P,0.03852020035875945,0.23559740766089105
Heston Monte Carlo,0.038356164383561646,100.07674176019941,-0.08227848101265822,92.17222411267078,7.958026918912124,0.062220909610269166,P,0.062220909610269166,0.23314982674711646
Heston Monte Carlo,0.038356164383561646,100.07674176019941,-0.07278481012658228,93.05144378066953,7.116280661256956,0.09868319698399176,P,0.09868319698399176,0.2307294590789178
Heston Monte Carlo,0.038356164383561646,100.07674176019941,-0.06329113924050633,93.93905021845752,6.283393366718169,0.1523815722838841,P,0.1523815722838841,0.2279321944787518
Heston Monte Carlo,0.038356164383561646,100.07674176019941,-0.05379746835443039,94.8351234264147,5.465271565035604,0.22930247362752978,P,0.22930247362752978,0.2246898647909057
Heston Monte Carlo,0.038356164383561646,100.07674176019941,-0.044303797468354444,95.73974416803496,4.669481941472469,0.3370932568921254,P,0.3370932568921254,0.22102971585724557
Heston Monte Carlo,0.038356164383561646,100.07674176019941,-0.034810126582278444,96.65299397720533,3.9075377898822232,0.4873486560522837,P,0.4873486560522837,0.21740328545733195
Heston Monte Carlo,0.038356164383561646,100.07674176019941,-0.0253164556962025,97.5749551655547,3.1891413890404,0.6898531668521835,P,0.6898531668521835,0.21349340703240097
Heston Monte Carlo,0.038356164383561646,100.07674176019941,-0.015822784810126556,98.50571082987265,2.5265538052953835,0.9569508568665207,P,0.9569508568665207,0.20937149905394425
Heston Monte Carlo,0.038356164383561646,100.07674176019941,-0.006329113924050611,99.44534485959892,1.9302690546048444,1.2992195350179259,P,1.2992195350179259,0.20484902923694653
Heston Monte Carlo,0.038356164383561646,100.07674176019941,0.0031645569620253333,100.39394194438444,1.4125231133733946,1.7289797699668747,C,1.4125231133733946,0.20018305192471336
Heston Monte Carlo,0.038356164383561646,100.07674176019941,0.012658227848101333,101.35158758172447,0.9834687415735986,2.2564697208570923,C,0.9834687415735986,0.19555841602148472
Heston Monte Carlo,0.038356164383561646,100.07674176019941,0.022151898734177222,102.31836808466451,0.6458589169380918,2.8845285792047455,C,0.6458589169380918,0.19100713574069889
Heston Monte Carlo,0.038356164383561646,100.07674176019941,0.03164556962025322,103.29437058957971,0.39504277304487506,3.608592514754085,C,0.39504277304487506,0.18632370078683938
Heston Monte Carlo,0.038356164383561646,100.07674176019941,0.04113924050632911,104.27968306402856,0.22143337205344993,4.419162456058434,C,0.22143337205344993,0.1813801614082487
Heston Monte Carlo,0.038356164383561646,100.07674176019941,0.05063291139240511,105.27439431468142,0.11110930582800436,5.30240569952253,C,0.11110930582800436,0.1759979504714399
Heston Monte Carlo,0.038356164383561646,100.07674176019941,0.060126582278481,106.27859399532467,0.04979440250074022,6.244135623961127,C,0.04979440250074022,0.17098338377683817
Heston Monte Carlo,0.038356164383561646,100.07674176019941,0.069620253164557,107.29237261494137,0.01999720994188424,7.2269511821400245,C,0.01999720994188424,0.16673055512771676
Heston Monte Carlo,0.038356164383561646,100.07674176019941,0.07911392405063289,108.31582154586869,0.006922340839009352,8.236148254003602,C,0.006922340839009352,0.16248439474821622
Heston Monte Carlo,0.038356164383561646,100.07674176019941,0.08860759493670889,109.34903303203352,0.0022764438139817526,9.263525626018088,C,0.0022764438139817526,0.16004503741275908
Heston Monte Carlo,0.038356164383561646,100.07674176019941,0.09810126582278478,110.39210019726633,0.0007528550031972373,10.303869651055763,C,0.0007528550031972373,0.159441242362392
Heston Monte Carlo,0.038356164383561646,100.07674176019941,0.10759493670886078,111.4451170536946,0.00018168021991286036,11.355104338941215,C,0.00018168021991286036,0.15651823058845282
Heston Monte Carlo,0.0821917808219178,100.1645187454837,-0.310126582278481,73.45606257125651,26.63297183431816,0.00012988711103730224,P,0.00012988711103730224,0.2861619089943266
Heston Monte Carlo,0.0821917808219178,100.1645187454837,-0.30063291139240506,74.15675104403816,25.934058547359786,0.00017947625527909425,P,0.00017947625527909425,0.28327346791428804
Heston Monte Carlo,0.0821917808219178,100.1645187454837,-0.2911392405063291,74.86412329918852,25.228597463946937,0.0003485910561647982,P,0.0003485910561647982,0.2865874861571717
Heston Monte Carlo,0.0821917808219178,100.1645187454837,-0.28164556962025317,75.57824309249708,24.516455600719034,0.0005678469303058382,P,0.0005678469303058382,0.2870869730793906
Heston Monte Carlo,0.0821917808219178,100.1645187454837,-0.2721518987341772,76.29917478791202,23.797689446020005,0.0009579376597842338,P,0.0009579376597842338,0.28865040290872224
Heston Monte Carlo,0.0821917808219178,100.1645187454837,-0.2626582278481012,77.02698336334147,23.072162130549025,0.0014468118297581787,P,0.0014468118297581787,0.28817058551923996
Heston Monte Carlo,0.0821917808219178,100.1645187454837,-0.25316455696202533,77.7617344165099,22.33983055510642,0.0020568064162825284,P,0.0020568064162825284,0.286472598204597
Heston Monte Carlo,0.0821917808219178,100.1645187454837,-0.24367088607594933,78.50349417087055,21.600681442854157,0.0028407049452883444,P,0.0028407049452883444,0.2841660474680144
Heston Monte Carlo,0.0821917808219178,100.1645187454837,-0.2341772151898734,79.25232948157418,20.854653551639114,0.0038039557691159982,P,0.0038039557691159982,0.2811268066369957
Heston Monte Carlo,0.0821917808219178,100.1645187454837,-0.22468354430379744,80.00830784149461,20.101704706313296,0.004971710397528065,P,0.004971710397528065,0.27745247831716535
Heston Monte Carlo,0.0821917808219178,100.1645187454837,-0.2151898734177215,80.77149738731214,19.341909656281167,0.006486687114242717,P,0.006486687114242717,0.2736957465760979
Heston Monte Carlo,0.0821917808219178,100.1645187454837,-0.20569620253164556,81.54196690565452,18.57534132439624,0.008490425998499265,P,0.008490425998499265,0.26999101988749297
Heston Monte Carlo,0.0821917808219178,100.1645187454837,-0.1962025316455696,82.31978583929678,17.80217796610273,0.011230454251805261,P,0.011230454251805261,0.26656285875009267
Heston Monte Carlo,0.0821917808219178,100.1645187454837,-0.18670886075949367,83.10502429342024,17.022342545290673,0.01469966829633816,P,0.01469966829633816,0.2628116404386558
Heston Monte Carlo,0.0821917808219178,100.1645187454837,-0.17721518987341772,83.89775304193098,16.236106627604514,0.019240233386579392,P,0.019240233386579392,0.25903589109065284
Heston Monte Carlo,0.0821917808219178,100.1645187454837,-0.16772151898734178,84.6980435338388,15.443871824562143,0.025325034091515267,P,0.025325034091515267,0.25542673672446375
Heston Monte Carlo,0.0821917808219178,100.1645187454837,-0.15822784810126583,85.50596789969696,14.646167348084663,0.03355523524861251,P,0.03355523524861251,0.25205298345176363
Heston Monte Carlo,0.0821917808219178,100.1645187454837,-0.1487341772151899,86.32159895810328,13.843369925324046,0.04438020327600068,P,0.04438020327600068,0.24865428936056538
Heston Monte Carlo,0.0821917808219178,100.1645187454837,-0.1392405063291139,87.14501022226341,13.036417610533691,0.05881132459070324,P,0.05881132459070324,0.24538532850375142
Heston Monte Carlo,0.0821917808219178,100.1645187454837,-0.12974683544303794,87.97627590661651,12.226571448891194,0.07818367604032933,P,0.07818367604032933,0.24233823662344445
Heston Monte Carlo,0.0821917808219178,100.1645187454837,-0.120253164556962,88.81547093352427,11.41513176663563,0.10387232171309878,P,0.10387232171309878,0.239407168909251
Heston Monte Carlo,0.0821917808219178,100.1645187454837,-0.11075949367088606,89.66267094002374,10.603371703305946,0.13722585191258066,P,0.13722585191258066,0.2363965755605702
Heston Monte Carlo,0.0821917808219178,100.1645187454837,-0.10126582278481011,90.51795228464447,9.793400881156318,0.18043005937305695,P,0.18043005937305695,0.23335480153215366
Heston Monte Carlo,0.0821917808219178,100.1645187454837,-0.09177215189873417,91.38139205429077,8.987993973300814,0.23633651426988264,P,0.23633651426988264,0.23035253886388618
Heston Monte Carlo,0.0821917808219178,100.1645187454837,-0.08227848101265822,92.25306807118957,8.189560263360889,0.30743213079701803,P,0.30743213079701803,0.22723570489271855
Heston Monte Carlo,0.0821917808219178,100.1645187454837,-0.07278481012658228,93.13305889990461,7.401108227368974,0.3968037560689008,P,0.3968037560689008,0.2239403410409671
Heston Monte Carlo,0.0821917808219178,100.1645187454837,-0.06329113924050633,94.02144385441746,6.624965675880691,0.506858319294694,P,0.506858319294694,0.22025008943344915
Heston Monte Carlo,0.0821917808219178,100.1645187454837,-0.05379746835443039,94.9183030052761,5.868304690780984,0.644847775716348,P,0.644847775716348,0.21661287664644951
Heston Monte Carlo,0.0821917808219178,100.1645187454837,-0.044303797468354444,95.82371718681185,5.133604753973497,0.813332242496797,P,0.813332242496797,0.2126635916351589
Heston Monte Carlo,0.0821917808219178,100.1645187454837,-0.034810126582278444,96.73776800442485,4.428698413210434,1.0202256718175136,P,1.0202256718175136,0.20868166842430624
Heston Monte Carlo,0.0821917808219178,100.1645187454837,-0.0253164556962025,97.66053784193925,3.759842654478106,1.271867230600953,P,1.271867230600953,0.20464929081307465
Heston Monte Carlo,0.0821917808219178,100.1645187454837,-0.015822784810126556,98.59210986902853,3.1322083037082185,1.5735107096290275,P,1.5735107096290275,0.20042930292617495
Heston Monte Carlo,0.0821917808219178,100.1645187454837,-0.006329113924050611,99.53256804871161,2.5517108227622987,1.93115532700513,P,1.93115532700513,0.19597316655942154
Heston Monte Carlo,0.0821917808219178,100.1645187454837,0.0031645569620253333,100.48199714492044,2.0242079948006837,2.350743421072052,C,2.0242079948006837,0.19038617175870304
Heston Monte Carlo,0.0821917808219178,100.1645187454837,0.012658227848101333,101.44048273013985,1.5549492178371291,2.837609751587666,C,1.5549492178371291,0.1853302683117097
Heston Monte Carlo,0.0821917808219178,100.1645187454837,0.022151898734177222,102.40811119312023,1.1504267797301377,3.3983327824099065,C,1.1504267797301377,0.18008971503067622
Heston Monte Carlo,0.0821917808219178,100.1645187454837,0.03164556962025322,103.38496974666377,0.8148209773604879,4.0371798084413895,C,0.8148209773604879,0.17479851875644298
Heston Monte Carlo,0.0821917808219178,100.1645187454837,0.04113924050632911,104.37114643548499,0.5482223754695168,4.754329222308822,C,0.5482223754695168,0.16948936076224097
Heston Monte Carlo,0.0821917808219178,100.1645187454837,0.05063291139240511,105.36673014414632,0.3495383516091037,5.548777067229102,C,0.3495383516091037,0.1645454884358305
Heston Monte Carlo,0.0821917808219178,100.1645187454837,0.060126582278481,106.37181060506919,0.21025479618472354,6.412098745043678,C,0.21025479618472354,0.16002849246725415
Heston Monte Carlo,0.0821917808219178,100.1645187454837,0.069620253164557,107.38647840662178,0.11872111351456403,7.3327340253455295,C,0.11872111351456403,0.1559212574759311
Heston Monte Carlo,0.0821917808219178,100.1645187454837,0.07911392405063289,108.41082500128364,0.06281682567605291,8.298653657470114,C,0.06281682567605291,0.15227977224662895
Heston Monte Carlo,0.0821917808219178,100.1645187454837,0.08860759493670889,109.44494271388851,0.031056300058163594,9.29846410627028,C,0.031056300058163594,0.14906365463259302
Heston Monte Carlo,0.0821917808219178,100.1645187454837,0.09810126582278478,110.48892474994548,0.01474921476284761,10.32356802581837,C,0.01474921476284761,0.1467847921160984
Heston Monte Carlo,0.0821917808219178,100.1645187454837,0.10759493670886078,111.54286520403976,0.006484855880729096,11.366648565062029,C,0.006484855880729096,0.14458444940571255
Heston Monte Carlo,0.0821917808219178,100.1645187454837,0.11708860759493678,112.60685906831327,0.0027044147949166738,12.424241673587622,C,0.0027044147949166738,0.1428528972255476
Heston Monte Carlo,0.0821917808219178,100.1645187454837,0.12658227848101267,113.68100224102655,0.0010351355695696121,13.49407025754962,C,0.0010351355695696121,0.14110387343391775
Heston Monte Carlo,0.0821917808219178,100.1645187454837,0.13607594936708867,114.765391535202,0.000551062698507744,14.575304936041322,C,0.000551062698507744,0.14363826292469858
Heston Monte Carlo,0.0821917808219178,100.1645187454837,0.14556962025316456,115.86012468734965,0.00025992415083691325,15.66705093284456,C,0.00025992415083691325,0.14502109068072197
Heston Monte Carlo,0.0821917808219178,100.1645187454837,0.15506329113924056,116.96530036627638,0.00010032321787218382,16.76934527706451,C,0.00010032321787218382,0.14480711000640634
Heston Monte Carlo,0.1643835616438356,100.32930815514358,-0.5,60.85280146385133,39.29842988985685,0.00018448832114678325,P,0.00018448832114678325,0.325663099100871
Heston Monte Carlo,0.1643835616438356,100.32930815514358,-0.49050632911392406,61.433268957338726,38.7208756901591,0.0002422495172361717,P,0.0002422495172361717,0.3249800298731112
Heston Monte Carlo,0.1643835616438356,100.32930815514358,-0.4810126582278481,62.01927345985267,38.13782012367039,0.00030841436971604637,P,0.00030841436971604637,0.3237271402424383
Heston Monte Carlo,0.1643835616438356,100.32930815514358,-0.47151898734177217,62.61086778825078,37.549253801661116,0.0004261511814802185,P,0.0004261511814802185,0.3241956327494359
Heston Monte Carlo,0.1643835616438356,100.32930815514358,-0.4620253164556962,63.20810526320427,36.95507321688258,0.0005450110704137531,P,0.0005450110704137531,0.32313467007455593
Heston Monte Carlo,0.1643835616438356,100.32930815514358,-0.4525316455696202,63.811039714003805,36.35525898276835,0.000699171955501858,P,0.000699171955501858,0.3221798036671638
Heston Monte Carlo,0.1643835616438356,100.32930815514358,-0.44303797468354433,64.41972548341109,35.74981175724182,0.0009433671890298491,P,0.0009433671890298491,0.3224170301528954
Heston Monte Carlo,0.1643835616438356,100.32930815514358,-0.43354430379746833,65.03421743255684,35.13861788053859,0.0012185282560264142,P,0.0012185282560264142,0.32175452452754194
Heston Monte Carlo,0.1643835616438356,100.32930815514358,-0.4240506329113924,65.6545709458855,34.52159389956562,0.0014963140510720224,P,0.0014963140510720224,0.31994045716743114
Heston Monte Carlo,0.1643835616438356,100.32930815514358,-0.41455696202531644,66.28084193614694,33.89872542971701,0.0018179776629302306,P,0.0018179776629302306,0.3178745601836479
Heston Monte Carlo,0.1643835616438356,100.32930815514358,-0.4050632911392405,66.913086849436,33.26997291398236,0.0022001304969884194,P,0.0022001304969884194,0.315709421466512
Heston Monte Carlo,0.1643835616438356,100.32930815514358,-0.39556962025316456,67.55136267028,32.63528430823386,0.0026474326247977846,P,0.0026474326247977846,0.31339452607967766
Heston Monte Carlo,0.1643835616438356,100.32930815514358,-0.3860759493670886,68.19572692677474,31.994650208695884,0.003207725364988149,P,0.003207725364988149,0.3112498019533365
Heston Monte Carlo,0.1643835616438356,100.32930815514358,-0.37658227848101267,68.8462376957695,31.34801158525842,0.003879769755469187,P,0.003879769755469187,0.30905739411127064
Heston Monte Carlo,0.1643835616438356,100.32930815514358,-0.36708860759493667,69.50295360810168,30.695468548264095,0.0048220185492526026,P,0.0048220185492526026,0.3076046799093879
Heston Monte Carlo,0.1643835616438356,100.32930815514358,-0.3575949367088608,70.16593385388101,30.037119925159583,0.006192198125472776,P,0.006192198125472776,0.3071148042361198
Heston Monte Carlo,0.1643835616438356,100.32930815514358,-0.3481012658227848,70.83523818782461,29.37272013207401,0.00780418537452368,P,0.00780418537452368,0.30618296012272617
Heston Monte Carlo,0.1643835616438356,100.32930815514358,-0.3386075949367089,71.51092693464254,28.70225803807592,0.009706877315722241,P,0.009706877315722241,0.30493018225076207
Heston Monte Carlo,0.1643835616438356,100.32930815514358,-0.3291139240506329,72.19306099447496,28.025816894175033,0.012044125509114885,P,0.012044125509114885,0.30366272673505135
Heston Monte Carlo,0.1643835616438356,100.32930815514358,-0.31962025316455694,72.88170184838107,27.343410615500854,0.014891023695280425,P,0.014891023695280425,0.30234423474235367
Heston Monte Carlo,0.1643835616438356,100.32930815514358,-0.310126582278481,73.57691156388049,26.65492233105223,0.018192463059522653,P,0.018192463059522653,0.3006903176118534
Heston Monte Carlo,0.1643835616438356,100.32930815514358,-0.30063291139240506,74.2787528005473,25.9604423844127,0.022101138514509133,P,0.022101138514509133,0.29888750062842134
Heston Monte Carlo,0.1643835616438356,100.32930815514358,-0.2911392405063291,74.98728881565773,25.259927513982486,0.02663673455062255,P,0.02663673455062255,0.29684008108448146
Heston Monte Carlo,0.1643835616438356,100.32930815514358,-0.28164556962025317,75.7025834698915,24.553518144530887,0.03200322246291286,P,0.03200322246291286,0.29470500545999423
Heston Monte Carlo,0.1643835616438356,100.32930815514358,-0.2721518987341772,76.42470123308752,23.84135455564831,0.038405034529884,P,0.038405034529884,0.29254936623310046
Heston Monte Carlo,0.1643835616438356,100.32930815514358,-0.2626582278481012,77.15370719005479,23.123254981338864,0.04572516938869928,P,0.04572516938869928,0.29011138725505103
Heston Monte Carlo,0.1643835616438356,100.32930815514358,-0.25316455696202533,77.88966704643832,22.399619016528302,0.054428604379786014,P,0.054428604379786014,0.2876763885092343
Heston Monte Carlo,0.1643835616438356,100.32930815514358,-0.24367088607594933,78.63264713464136,21.670731740639958,0.06486642501608023,P,0.06486642501608023,0.28530701075189385
Heston Monte Carlo,0.1643835616438356,100.32930815514358,-0.2341772151898734,79.38271441980389,20.93637165323508,0.07688376657328842,P,0.07688376657328842,0.2827248537263565
Heston Monte Carlo,0.1643835616438356,100.32930815514358,-0.22468354430379744,80.1399365058382,20.196836910732323,0.09084605681322651,P,0.09084605681322651,0.28001752694704135
Heston Monte Carlo,0.1643835616438356,100.32930815514358,-0.2151898734177215,80.90438164152216,19.452364150307858,0.10705784594966915,P,0.10705784594966915,0.2771950328183793
Heston Monte Carlo,0.1643835616438356,100.32930815514358,-0.20569620253164556,81.67611872665044,18.70318632544905,0.12582064832090836,P,0.12582064832090836,0.27424665181755836
Heston Monte Carlo,0.1643835616438356,100.32930815514358,-0.1962025316455696,82.45521731824448,17.94996901301363,0.1478692556301102,P,0.1478692556301102,0.27129658512288074
Heston Monte Carlo,0.1643835616438356,100.32930815514358,-0.18670886075949367,83.24174763682171,17.19250985726632,0.1730711872186363,P,0.1730711872186363,0.2681390197589938
Heston Monte Carlo,0.1643835616438356,100.32930815514358,-0.17721518987341772,84.03578057272459,16.430995997102116,0.20168412358817536,P,0.20168412358817536,0.26473989725941205
Heston Monte Carlo,0.1643835616438356,100.32930815514358,-0.16772151898734178,84.83738769250994,15.666454208874697,0.23480605558725384,P,0.23480605558725384,0.26126646918836305
Heston Monte Carlo,0.1643835616438356,100.32930815514358,-0.15822784810126583,85.64664124539925,14.900020962133853,0.27364534656667655,P,0.27364534656667655,0.25782827770685424
Heston Monte Carlo,0.1643835616438356,100.32930815514358,-0.1487341772151899,86.46361416979065,14.133336772642103,0.319915091876478,P,0.319915091876478,0.2545648535627354
Heston Monte Carlo,0.1643835616438356,100.32930815514358,-0.1392405063291139,87.28838009983274,13.3667970514263,0.374083974458488,P,0.374083974458488,0.25132193946997483
Heston Monte Carlo,0.1643835616438356,100.32930815514358,-0.12974683544303794,88.12101337206136,12.60099561749173,0.4368197841653174,P,0.4368197841653174,0.24800571166428742
Heston Monte Carlo,0.1643835616438356,100.32930815514358,-0.120253164556962,88.96158903209955,11.837422863456988,0.5096875900615611,P,0.5096875900615611,0.2446574603319358
Heston Monte Carlo,0.1643835616438356,100.32930815514358,-0.11075949367088606,89.81018284142147,11.076701916092722,0.5933859076935541,P,0.5933859076935541,0.2411741183320999
Heston Monte Carlo,0.1643835616438356,100.32930815514358,-0.10126582278481011,90.66687128418071,10.319935370687007,0.6890934402493557,P,0.6890934402493557,0.23752165979458428
Heston Monte Carlo,0.1643835616438356,100.32930815514358,-0.09177215189873417,91.53173157410404,9.569365857241408,0.7991296516146161,P,0.7991296516146161,0.23377607365640624
Heston Monte Carlo,0.1643835616438356,100.32930815514358,-0.08227848101265822,92.40484166145053,8.826437310792588,0.9250160436190737,P,0.9250160436190737,0.22989288111564432
Heston Monte Carlo,0.1643835616438356,100.32930815514358,-0.07278481012658228,93.28628024003736,8.094257970527645,1.0699391621434067,P,1.0699391621434067,0.22596656601145748
Heston Monte Carlo,0.1643835616438356,100.32930815514358,-0.06329113924050633,94.17612675433242,7.373525843051812,1.2346760674443098,P,1.2346760674443098,0.22184637632314747
Heston Monte Carlo,0.1643835616438356,100.32930815514358,-0.05379746835443039,95.07446140661482,6.667300266397665,1.4223659052887148,P,1.4223659052887148,0.21758076760002149
Heston Monte Carlo,0.1643835616438356,100.32930815514358,-0.044303797468354444,95.98136516420345,5.979557980942063,1.637065985064734,P,1.637065985064734,0.2132513819071133
Heston Monte Carlo,0.1643835616438356,100.32930815514358,-0.034810126582278444,96.89691976675468,5.311035755931392,1.879594413567535,P,1.879594413567535,0.2086798674792812
Heston Monte Carlo,0.1643835616438356,100.32930815514358,-0.0253164556962025,97.82120773362945,4.666104459594319,2.154404172443818,P,2.154404172443818,0.20393923767792255
Heston Monte Carlo,0.1643835616438356,100.32930815514358,-0.015822784810126556,98.754312371331,4.049250986276146,2.4660650527268664,P,2.4660650527268664,0.19907727167932604
Heston Monte Carlo,0.1643835616438356,100.32930815514358,-0.006329113924050611,99.69631778101308,3.4649020424823562,2.819087448351491,P,2.819087448351491,0.194115805505363
Heston Monte Carlo,0.1643835616438356,100.32930815514358,0.0031645569620253333,100.64730886606024,2.917286244756009,3.217784461574345,C,2.917286244756009,0.1900399013695407
Heston Monte Carlo,0.1643835616438356,100.32930815514358,0.012658227848101333,101.60737133974011,2.4094717744736234,3.6653095653845478,C,2.4094717744736234,0.1848082841285928
Heston Monte Carlo,0.1643835616438356,100.32930815514358,0.022151898734177222,102.57659173292873,1.9459729670769517,4.166263200422861,C,1.9459729670769517,0.1794368870110069
Heston Monte Carlo,0.1643835616438356,100.32930815514358,0.03164556962025322,103.55505740190969,1.531823353046231,4.725765823715413,C,1.531823353046231,0.1740054580045346
Heston Monte Carlo,0.1643835616438356,100.32930815514358,0.04113924050632911,104.54285653624761,1.1727059237161217,5.349588182324682,C,1.1727059237161217,0.16871057951367935
Heston Monte Carlo,0.1643835616438356,100.32930815514358,0.05063291139240511,105.54007816673669,0.8700297885901934,6.039227978573283,C,0.8700297885901934,0.16358297587011617
Heston Monte Carlo,0.1643835616438356,100.32930815514358,0.060126582278481,106.54681217342497,0.6263032590648473,6.797282961752732,C,0.6263032590648473,0.15894322692983814
Heston Monte Carlo,0.1643835616438356,100.32930815514358,0.069620253164557,107.5631492937155,0.44088810790888694,7.62320519566435,C,0.44088810790888694,0.15523407180239973
Heston Monte Carlo,0.1643835616438356,100.32930815514358,0.07911392405063289,108.5891811305443,0.30331570954199777,8.506617207035266,C,0.30331570954199777,0.15224149488888877
Heston Monte Carlo,0.1643835616438356,100.32930815514358,0.08860759493670889,109.62500016063677,0.20354315565440678,9.437568109354341,C,0.20354315565440678,0.14975756445509975
Heston Monte Carlo,0.1643835616438356,100.32930815514358,0.09810126582278478,110.67069974284254,0.1330834952193053,10.40766385117776,C,0.1330834952193053,0.14766227493092038
Heston Monte Carlo,0.1643835616438356,100.32930815514358,0.10759493670886078,111.72637412655004,0.08585988289616153,11.410921372906213,C,0.08585988289616153,0.14622582162115785
Heston Monte Carlo,0.1643835616438356,100.32930815514358,0.11708860759493678,112.79211846018109,0.05594265773761261,12.441505693944153,C,0.05594265773761261,0.14581103848693094
Heston Monte Carlo,0.1643835616438356,100.32930815514358,0.12658227848101267,113.8680287997668,0.035373472689015376,13.491554050733082,C,0.035373472689015376,0.14529637100677628
Heston Monte Carlo,0.1643835616438356,100.32930815514358,0.13607594936708867,114.95420211760519,0.021594469801274507,14.55860508057981,C,0.021594469801274507,0.1446316860866026
Heston Monte Carlo,0.1643835616438356,100.32930815514358,0.14556962025316456,116.05073631100116,0.013413834896328254,15.641564385018276,C,0.013413834896328254,0.14475167768687605
Heston Monte Carlo,0.1643835616438356,100.32930815514358,0.15506329113924056,117.15773021109024,0.008291941246957767,16.737990682270144,C,0.008291941246957767,0.14511761295216208
Heston Monte Carlo,0.1643835616438356,100.32930815514358,0.16455696202531644,118.27528359174606,0.005179912504638213,17.84693437903599,C,0.005179912504638213,0.1458878539727316
Heston Monte Carlo,0.1643835616438356,100.32930815514358,0.17405063291139244,119.4034971785732,0.0033269344458101485,18.96774489119154,C,0.0033269344458101485,0.1472016520996626
Heston Monte Carlo,0.1643835616438356,100.32930815514358,0.18354430379746833,120.54247265798558,0.002197552800348904,20.099987950646838,C,0.002197552800348904,0.14895924405896166
Heston Monte Carlo,0.1643835616438356,100.32930815514358,0.19303797468354433,121.69231268637145,0.0014621768808508267,21.243436118098458,C,0.0014621768808508267,0.1508391000456118
Heston Monte Carlo,0.1643835616438356,100.32930815514358,0.20253164556962022,122.85312089934592,0.0008241611111269738,22.39789587376408,C,0.0008241611111269738,0.15086651818215369
Heston Monte Carlo,0.1643835616438356,100.32930815514358,0.21202531645569622,124.02500192109166,0.000446624806341368,23.563634446456255,C,0.000446624806341368,0.15070737378092167
Heston Monte Carlo,0.1643835616438356,100.32930815514358,0.22151898734177222,125.20806137378871,0.0002745412955917827,24.74070191209061,C,0.0002745412955917827,0.15199125782681586
Heston Monte Carlo,0.1643835616438356,100.32930815514358,0.2310126582278481,126.4024058871343,0.00019616747918454767,25.929092632713417,C,0.00019616747918454767,0.1547408200848055
Heston Monte Carlo,0.1643835616438356,100.32930815514358,0.2405063291139241,127.60814310795342,0.00013617719133432875,27.12883839942992,C,0.00013617719133432875,0.1571691133080983
Heston Monte Carlo,0.2465753424657534,100.49436867427292,-0.5,60.95291572941136,39.23120085127577,0.008441193982138528,P,0.008441193982138528,0.35219051873413365
Heston Monte Carlo,0.2465753424657534,100.49436867427292,-0.49050632911392406,61.53433820073698,38.65520463366049,0.009582382752967362,P,0.009582382752967362,0.35012067294264193
Heston Monte Carlo,0.2465753424657534,100.49436867427292,-0.4810126582278481,62.12130679050694,38.073777269140336,0.010797668348419918,P,0.010797668348419918,0.34779348409784716
Heston Monte Carlo,0.2465753424657534,100.49436867427292,-0.47151898734177217,62.71387440247248,37.48694476458976,0.012165571495299184,P,0.012165571495299184,0.34544722176676235
Heston Monte Carlo,0.2465753424657534,100.49436867427292,-0.4620253164556962,63.31209444502732,36.89471579387186,0.013747780832194554,P,0.013747780832194554,0.3431894723329921
Heston Monte Carlo,0.2465753424657534,100.49436867427292,-0.4525316455696202,63.9160208360214,36.296976316272655,0.015483776122444885,P,0.015483776122444885,0.3408013377390363
Heston Monte Carlo,0.2465753424657534,100.49436867427292,-0.44303797468354433,64.52570800762045,35.69366996400971,0.017371220585916756,P,0.017371220585916756,0.33825834282768324
Heston Monte Carlo,0.2465753424657534,100.49436867427292,-0.43354430379746833,65.14121091121204,35.08468780540893,0.019355728946000888,P,0.019355728946000888,0.3354476113031152
Heston Monte Carlo,0.2465753424657534,100.49436867427292,-0.4240506329113924,65.7625850223584,34.4699679797839,0.02143050722523894,P,0.02143050722523894,0.3323778789710646
Heston Monte Carlo,0.2465753424657534,100.49436867427292,-0.41455696202531644,66.38988634579633,33.84960401655072,0.023744676823992155,P,0.023744676823992155,0.3293011803461698
Heston Monte Carlo,0.2465753424657534,100.49436867427292,-0.4050632911392405,67.02317142048513,33.223691245498244,0.02644968979972978,P,0.02644968979972978,0.3263899777424532
Heston Monte Carlo,0.2465753424657534,100.49436867427292,-0.39556962025316456,67.66249732470231,32.59213559017044,0.029508127308834377,P,0.029508127308834377,0.3235065658043076
Heston Monte Carlo,0.2465753424657534,100.49436867427292,-0.3860759493670886,68.30792168118816,31.955196591530378,0.03323672837725295,P,0.03323672837725295,0.32096111220136236
Heston Monte Carlo,0.2465753424657534,100.49436867427292,-0.37658227848101267,68.95950266233933,31.312740923120867,0.037559910215299246,P,0.037559910215299246,0.3185252007594245
Heston Monte Carlo,0.2465753424657534,100.49436867427292,-0.36708860759493667,69.61729899545186,30.664504856839198,0.04227223919823636,P,0.04227223919823636,0.31591122044157605
Heston Monte Carlo,0.2465753424657534,100.49436867427292,-0.3575949367088608,70.28136996801436,30.01072520942412,0.0476693826064584,P,0.0476693826064584,0.31335593207226276
Heston Monte Carlo,0.2465753424657534,100.49436867427292,-0.3481012658227848,70.95177543305164,29.351349261714212,0.05375803318872987,P,0.05375803318872987,0.3107839916553484
Heston Monte Carlo,0.2465753424657534,100.49436867427292,-0.3386075949367089,71.6285758145192,28.686310382347482,0.060531538215677624,P,0.060531538215677624,0.3081288841326875
Heston Monte Carlo,0.2465753424657534,100.49436867427292,-0.3291139240506329,72.31183211274937,28.015598910568887,0.0680407876941855,P,0.0680407876941855,0.30537826016696495
Heston Monte Carlo,0.2465753424657534,100.49436867427292,-0.31962025316455694,73.00160590994922,27.339500425866838,0.07663248946072031,P,0.07663248946072031,0.3026892804423328
Heston Monte Carlo,0.2465753424657534,100.49436867427292,-0.310126582278481,73.69795937575104,26.658041028729354,0.08639445544752629,P,0.08639445544752629,0.3000228573504129
Heston Monte Carlo,0.2465753424657534,100.49436867427292,-0.30063291139240506,74.40095527281571,25.97126525793995,0.0974335245402207,P,0.0974335245402207,0.2973521501746581
Heston Monte Carlo,0.2465753424657534,100.49436867427292,-0.2911392405063291,75.1106569624895,25.279360249892864,0.10999972750854117,P,0.10999972750854117,0.29471158991058355
Heston Monte Carlo,0.2465753424657534,100.49436867427292,-0.28164556962025317,75.82712841051492,24.582141597903636,0.12397215198426745,P,0.12397215198426745,0.29197134087832144
Heston Monte Carlo,0.2465753424657534,100.49436867427292,-0.2721518987341772,76.55043419279588,23.879688953452067,0.13949454942928932,P,0.13949454942928932,0.28913156140270924
Heston Monte Carlo,0.2465753424657534,100.49436867427292,-0.2626582278481012,77.28063950121805,23.17244622442348,0.1570755391526379,P,0.1570755391526379,0.28630389843376847
Heston Monte Carlo,0.2465753424657534,100.49436867427292,-0.25316455696202533,78.01781014952456,22.460497483014773,0.17686452204893646,P,0.17686452204893646,0.28345099196649337
Heston Monte Carlo,0.2465753424657534,100.49436867427292,-0.24367088607594933,78.76201257924791,21.743873897648445,0.19895861840116927,P,0.19895861840116927,0.2805252374475774
Heston Monte Carlo,0.2465753424657534,100.49436867427292,-0.2341772151898734,79.51331386569828,21.022818086595244,0.22366702744755773,P,0.22366702744755773,0.2775385744324036
Heston Monte Carlo,0.2465753424657534,100.49436867427292,-0.22468354430379744,80.27178172400906,20.297644593600676,0.25137150900854377,P,0.25137150900854377,0.27450818582243885
Heston Monte Carlo,0.2465753424657534,100.49436867427292,-0.2151898734177215,81.03748451524015,19.569137308645335,0.2829238103058117,P,0.2829238103058117,0.2715330106711999
Heston Monte Carlo,0.2465753424657534,100.49436867427292,-0.20569620253164556,81.81049125253934,18.837243000899676,0.318339205032845,P,0.318339205032845,0.2685158468417682
Heston Monte Carlo,0.2465753424657534,100.49436867427292,-0.1962025316455696,82.59087160736235,18.102627361795072,0.3583525426004831,P,0.3583525426004831,0.2655019426413413
Heston Monte Carlo,0.2465753424657534,100.49436867427292,-0.18670886075949367,83.37869591575254,17.36471033350916,0.40245358285538263,P,0.40245358285538263,0.2623194457721818
Heston Monte Carlo,0.2465753424657534,100.49436867427292,-0.17721518987341772,84.17403518468029,16.624788252278137,0.4520091456848082,P,0.4520091456848082,0.2591098241330908
Heston Monte Carlo,0.2465753424657534,100.49436867427292,-0.16772151898734178,84.97696109844281,15.88324476809136,0.5074740370645509,P,0.5074740370645509,0.2558443184830218
Heston Monte Carlo,0.2465753424657534,100.49436867427292,-0.15822784810126583,85.78754602512512,15.140697886229075,0.569538097009293,P,0.569538097009293,0.2525218578010161
Heston Monte Carlo,0.2465753424657534,100.49436867427292,-0.1487341772151899,86.60586302312267,14.398015449936173,0.6391416887214475,P,0.6391416887214475,0.24916062616030676
Heston Monte Carlo,0.2465753424657534,100.49436867427292,-0.1392405063291139,87.43198584772605,13.656548145983226,0.7177087106879356,P,0.7177087106879356,0.24581432012797894
Heston Monte Carlo,0.2465753424657534,100.49436867427292,-0.12974683544303794,88.26598895776863,12.917259966287183,0.8062770648999918,P,0.8062770648999918,0.24247371961056247
Heston Monte Carlo,0.2465753424657534,100.49436867427292,-0.120253164556962,89.10794752233755,12.18081975204782,0.9055902076507726,P,0.9055902076507726,0.23909439819303058
Heston Monte Carlo,0.2465753424657534,100.49436867427292,-0.11075949367088606,89.95793742754881,11.44795278491573,1.0164487474284958,P,1.0164487474284958,0.23563761518466314
Heston Monte Carlo,0.2465753424657534,100.49436867427292,-0.10126582278481011,90.8160352833868,10.71867948654357,1.1389491512573144,P,1.1389491512573144,0.2320088727764627
Heston Monte Carlo,0.2465753424657534,100.49436867427292,-0.09177215189873417,91.6823184306093,9.994002863076586,1.2741711960410866,P,1.2741711960410866,0.22819896251649102
Heston Monte Carlo,0.2465753424657534,100.49436867427292,-0.08227848101265822,92.55686494771818,9.275845250374509,1.4241147207055234,P,1.4241147207055234,0.2242542607764117
Heston Monte Carlo,0.2465753424657534,100.49436867427292,-0.07278481012658228,93.43975365799669,8.566288186035637,1.5909395052070734,P,1.5909395052070734,0.2202103010048347
Heston Monte Carlo,0.2465753424657534,100.49436867427292,-0.06329113924050633,94.3310641366138,7.868594286269078,1.7779871544573291,P,1.7779871544573291,0.2161570559472074
Heston Monte Carlo,0.2465753424657534,100.49436867427292,-0.05379746835443039,95.23087671779639,7.182538736237613,1.9851125957853528,P,1.9851125957853528,0.211948633922508
Heston Monte Carlo,0.2465753424657534,100.49436867427292,-0.044303797468354444,96.13927250206976,6.510342807189939,2.2146176032568246,P,2.2146176032568246,0.20759181263075976
Heston Monte Carlo,0.2465753424657534,100.49436867427292,-0.034810126582278444,97.05633336356732,5.8542050814337,2.468782029903116,P,2.468782029903116,0.20307772937352975
Heston Monte Carlo,0.2465753424657534,100.49436867427292,-0.0253164556962025,97.98214195740985,5.217298078583463,2.7508604412939186,P,2.7508604412939186,0.19843652524173178
Heston Monte Carlo,0.2465753424657534,100.49436867427292,-0.015822784810126556,98.91678172715538,4.603841332866403,3.0651552002381592,P,3.0651552002381592,0.19373531483241813
Heston Monte Carlo,0.2465753424657534,100.49436867427292,-0.006329113924050611,99.86033691231987,4.017056595907286,3.414971677034006,P,3.414971677034006,0.18897312840595992
Heston Monte Carlo,0.2465753424657534,100.49436867427292,0.0031645569620253333,100.81289255596981,3.4588648699173388,3.802315290194501,C,3.4588648699173388,0.18269476163674536
Heston Monte Carlo,0.2465753424657534,100.49436867427292,0.012658227848101333,101.77453451238723,2.935518619322557,4.233523725684434,C,2.935518619322557,0.17779300546330462
Heston Monte Carlo,0.2465753424657534,100.49436867427292,0.022151898734177222,102.74534945480771,2.4505378917712926,4.712203065608652,C,2.4505378917712926,0.1728770268300247
Heston Monte Carlo,0.2465753424657534,100.49436867427292,0.03164556962025322,103.72542488323226,2.0090758824972923,5.243593360329831,C,2.0090758824972923,0.16804377234219292
Heston Monte Carlo,0.2465753424657534,100.49436867427292,0.04113924050632911,104.7148491323139,1.615619926526382,5.832269628503177,C,1.615619926526382,0.16339585453879868
Heston Monte Carlo,0.2465753424657534,100.49436867427292,0.05063291139240511,105.71371137931914,1.271051479361281,6.4792018456643685,C,1.271051479361281,0.1588969471828916
Heston Monte Carlo,0.2465753424657534,100.49436867427292,0.060126582278481,106.72210165216558,0.9779976651129055,7.187106500339054,C,0.9779976651129055,0.15469341343754595
Heston Monte Carlo,0.2465753424657534,100.49436867427292,0.069620253164557,107.7401108375363,0.7367754206486334,7.956390746245825,C,0.7367754206486334,0.15093223928780636
Heston Monte Carlo,0.2465753424657534,100.49436867427292,0.07911392405063289,108.76783068907132,0.5447574545497674,8.784518369384497,C,0.5447574545497674,0.147728238180442
Heston Monte Carlo,0.2465753424657534,100.49436867427292,0.08860759493670889,109.80535383563758,0.39656188892493466,9.666199438059024,C,0.39656188892493466,0.1451360019163611
Heston Monte Carlo,0.2465753424657534,100.49436867427292,0.09810126582278478,110.85277378967751,0.28385823082220385,10.593196282575956,C,0.28385823082220385,0.14298887963439524
Heston Monte Carlo,0.2465753424657534,100.49436867427292,0.10759493670886078,111.91018495563749,0.20027471997308205,11.559230851355695,C,0.20027471997308205,0.14128319261038197
Heston Monte Carlo,0.2465753424657534,100.49436867427292,0.11708860759493678,112.97768263847628,0.13966584764629178,12.558252238231034,C,0.13966584764629178,0.14000402338501244
Heston Monte Carlo,0.2465753424657534,100.49436867427292,0.12658227848101267,114.05536305225522,0.09553948479057173,13.583863819117633,C,0.09553948479057173,0.13886871788576244
Heston Monte Carlo,0.2465753424657534,100.49436867427292,0.13607594936708867,115.1433233288099,0.0645518100329189,14.632818188619712,C,0.0645518100329189,0.1380152725065432
Heston Monte Carlo,0.2465753424657534,100.49436867427292,0.14556962025316456,116.24166152650464,0.04345867984982993,15.701968538890773,C,0.04345867984982993,0.1375581048820303
Heston Monte Carlo,0.2465753424657534,100.49436867427292,0.15506329113924056,117.35047663907073,0.02917042158812366,16.78832346142856,C,0.02917042158812366,0.13741512824066127
Heston Monte Carlo,0.2465753424657534,100.49436867427292,0.16455696202531644,118.46986860452851,0.019656443433225538,17.889951565898627,C,0.019656443433225538,0.13763002161109827
Heston Monte Carlo,0.2465753424657534,100.49436867427292,0.17405063291139244,119.59993831419509,0.013019686620659629,19.005055941288102,C,0.013019686620659629,0.1377993546812762
Heston Monte Carlo,0.2465753424657534,100.49436867427292,0.18354430379746833,120.74078762177757,0.00889464592155462,20.133372185416437,C,0.00889464592155462,0.1386209674549587
Heston Monte Carlo,0.2465753424657534,100.49436867427292,0.19303797468354433,121.89251935255321,0.006400541123057542,21.274121585528974,C,0.006400541123057542,0.1402609147468677
Heston Monte Carlo,0.2465753424657534,100.49436867427292,0.20253164556962022,123.05523731263713,0.004720818886430106,22.426590629354763,C,0.004720818886430106,0.14224366325135557
Heston Monte Carlo,0.2465753424657534,100.49436867427292,0.21202531645569622,124.2290462983384,0.003358133789958345,23.59038599543523,C,0.003358133789958345,0.1437558330862829
Heston Monte Carlo,0.2465753424657534,100.49436867427292,0.22151898734177222,125.41405210560535,0.0023396253642104484,24.76563983953693,C,0.0023396253642104484,0.14503815251025481
Heston Monte Carlo,0.2465753424657534,100.49436867427292,0.2310126582278481,126.61036153956105,0.0016981494532414816,25.95249103547651,C,0.0016981494532414816,0.14682875054153233
Heston Monte Carlo,0.2465753424657534,100.49436867427292,0.2405063291139241,127.8180824241297,0.001282857150243591,27.150895763612617,C,0.001282857150243591,0.14906258361163438
Heston Monte Carlo,0.2465753424657534,100.49436867427292,0.25,129.0373236117548,0.001046934895981152,28.36091526059033,C,0.001046934895981152,0.1521197058360499
Heston Monte Carlo,0.4931506849315068,100.99118135240688,-0.5,61.25424785083355,39.199243279954295,0.1038573135898248,P,0.1038573135898248,0.33253949137711447
Heston Monte Carlo,0.4931506849315068,100.99118135240688,-0.49050632911392406,61.83854469272259,38.63168162653939,0.11201174106388913,P,0.11201174106388913,0.33049031163351206
Heston Monte Carlo,0.4931506849315068,100.99118135240688,-0.4810126582278481,62.428415071328196,38.05938336662411,0.12092124791565224,P,0.12092124791565224,0.3284740168899537
Heston Monte Carlo,0.4931506849315068,100.99118135240688,-0.47151898734177217,63.02391215194118,37.48212462393583,0.13041434239801167,P,0.13041434239801167,0.32639772168964565
Heston Monte Carlo,0.4931506849315068,100.99118135240688,-0.4620253164556962,63.62508960698963,36.89994918653331,0.14058769678513516,P,0.14058769678513516,0.32428424809223333
Heston Monte Carlo,0.4931506849315068,100.99118135240688,-0.4525316455696202,64.23200162087646,36.312730579356455,0.15136822468777894,P,0.15136822468777894,0.32209347006466965
Heston Monte Carlo,0.4931506849315068,100.99118135240688,-0.44303797468354433,64.84470289486295,35.72070560997953,0.16304663162017552,P,0.16304663162017552,0.31990831256883245
Heston Monte Carlo,0.4931506849315068,100.99118135240688,-0.43354430379746833,65.46324865199914,35.12389379350118,0.17569684474597722,P,0.17569684474597722,0.31772749969279734
Heston Monte Carlo,0.4931506849315068,100.99118135240688,-0.4240506329113924,66.08769464210104,34.52220273303991,0.18928139827890775,P,0.18928139827890775,0.3155171080118514
Heston Monte Carlo,0.4931506849315068,100.99118135240688,-0.41455696202531644,66.71809714677536,33.91557828794823,0.20380160664894423,P,0.20380160664894423,0.3132594843066285
Heston Monte Carlo,0.4931506849315068,100.99118135240688,-0.4050632911392405,67.35451298449226,33.30396773278951,0.21926072847417527,P,0.21926072847417527,0.31094025361321787
Heston Monte Carlo,0.4931506849315068,100.99118135240688,-0.39556962025316456,67.9969995157064,32.68730806760162,0.23565228187346227,P,0.23565228187346227,0.3085450595941607
Heston Monte Carlo,0.4931506849315068,100.99118135240688,-0.3860759493670886,68.64561464802685,32.06569126608003,0.2531252977427101,P,0.2531252977427101,0.30609611662112346
Heston Monte Carlo,0.4931506849315068,100.99118135240688,-0.37658227848101267,69.30041684143634,31.439515471657398,0.27213552097587745,P,0.27213552097587745,0.3036735533599596
Heston Monte Carlo,0.4931506849315068,100.99118135240688,-0.36708860759493667,69.96146511356031,30.80881805064676,0.29277846880107644,P,0.29277846880107644,0.30126803563018334
Heston Monte Carlo,0.4931506849315068,100.99118135240688,-0.3575949367088608,70.6288190449861,30.1732355722521,0.31474941603200224,P,0.31474941603200224,0.29879617048032436
Heston Monte Carlo,0.4931506849315068,100.99118135240688,-0.3481012658227848,71.30253878463313,29.53313114103569,0.3384707328262715,P,0.3384707328262715,0.296317474079394
Heston Monte Carlo,0.4931506849315068,100.99118135240688,-0.3386075949367089,71.98268505517402,28.888559960266836,0.3640574533754526,P,0.3640574533754526,0.29382678224372694
Heston Monte Carlo,0.4931506849315068,100.99118135240688,-0.3291139240506329,72.66931915850765,28.239184081376862,0.39123203075325813,P,0.39123203075325813,0.2912572353258245
Heston Monte Carlo,0.4931506849315068,100.99118135240688,-0.31962025316455694,73.36250298128418,27.58526001630693,0.4203119547078426,P,0.4203119547078426,0.28864198840927735
Heston Monte Carlo,0.4931506849315068,100.99118135240688,-0.310126582278481,74.06229900048315,26.926636468551727,0.4512074882000534,P,0.4512074882000534,0.28594956977604546
Heston Monte Carlo,0.4931506849315068,100.99118135240688,-0.30063291139240506,74.76877028904434,26.263783178691412,0.4844505184840428,P,0.4844505184840428,0.28323539311920753
Heston Monte Carlo,0.4931506849315068,100.99118135240688,-0.2911392405063291,75.48198052155266,25.596541239224273,0.5199448775432299,P,0.5199448775432299,0.2804639308109196
Heston Monte Carlo,0.4931506849315068,100.99118135240688,-0.28164556962025317,76.20199397997722,24.9253640738104,0.5582073269857136,P,0.5582073269857136,0.27767740668832375
Heston Monte Carlo,0.4931506849315068,100.99118135240688,-0.2721518987341772,76.92887555946498,24.250364977640366,0.5994151041238568,P,0.5994151041238568,0.2748698113925194
Heston Monte Carlo,0.4931506849315068,100.99118135240688,-0.2626582278481012,77.66269077418987,23.571655283982505,0.6437440942834842,P,0.6437440942834842,0.27203409946824375
Heston Monte Carlo,0.4931506849315068,100.99118135240688,-0.25316455696202533,78.40350576325756,22.889781963534574,0.691806435974403,P,0.691806435974403,0.26920628515938494
Heston Monte Carlo,0.4931506849315068,100.99118135240688,-0.24367088607594933,79.15138729666663,22.2051218715487,0.7440447738885289,P,0.7440447738885289,0.26639671662387954
Heston Monte Carlo,0.4931506849315068,100.99118135240688,-0.2341772151898734,79.9064027813266,21.51766735623744,0.8005178732356125,P,0.8005178732356125,0.26357631797100645
Heston Monte Carlo,0.4931506849315068,100.99118135240688,-0.22468354430379744,80.6686202671333,20.827442442731943,0.8613168096880384,P,0.8613168096880384,0.26072181777797865
Heston Monte Carlo,0.4931506849315068,100.99118135240688,-0.2151898734177215,81.43810845310229,20.134736629056462,0.9267987713978858,P,0.9267987713978858,0.25783367937777624
Heston Monte Carlo,0.4931506849315068,100.99118135240688,-0.20569620253164556,82.21493669356069,19.439532120013382,0.9970142989832368,P,0.9970142989832368,0.254886197103238
Heston Monte Carlo,0.4931506849315068,100.99118135240688,-0.1962025316455696,82.99917500439813,18.742543923327045,1.0727473878315958,P,1.0727473878315958,0.2519100976143456
Heston Monte Carlo,0.4931506849315068,100.99118135240688,-0.18670886075949367,83.79089406937732,18.04411620288394,1.1544118475573315,P,1.1544118475573315,0.24890196994217612
Heston Monte Carlo,0.4931506849315068,100.99118135240688,-0.17721518987341772,84.59016524650484,17.344107555424053,1.2419365849703092,P,1.2419365849703092,0.24582400704688878
Heston Monte Carlo,0.4931506849315068,100.99118135240688,-0.16772151898734178,85.39706057446261,16.64327348760855,1.336148087481073,P,1.336148087481073,0.24269965846671232
Heston Monte Carlo,0.4931506849315068,100.99118135240688,-0.15822784810126583,86.21165277910082,15.942350507428724,1.4378545209070022,P,1.4378545209070022,0.23954434806760466
Heston Monte Carlo,0.4931506849315068,100.99118135240688,-0.1487341772151899,87.03401527999272,15.241694056535591,1.5474836682604831,P,1.5474836682604831,0.23634576376515404
Heston Monte Carlo,0.4931506849315068,100.99118135240688,-0.1392405063291139,87.86422219705196,14.541698672922495,1.6655030989513315,P,1.6655030989513315,0.23309277392630964
Heston Monte Carlo,0.4931506849315068,100.99118135240688,-0.12974683544303794,88.70234835721304,13.844166780210259,1.7937889646555025,P,1.7937889646555025,0.22984762233106815
Heston Monte Carlo,0.4931506849315068,100.99118135240688,-0.120253164556962,89.54846930117556,13.148699148250817,1.9320164665620216,P,1.9320164665620216,0.2265469883577082
Heston Monte Carlo,0.4931506849315068,100.99118135240688,-0.11075949367088606,90.40266129021266,12.455617674438257,2.0805826433946346,P,2.0805826433946346,0.2231692839489932
Heston Monte Carlo,0.4931506849315068,100.99118135240688,-0.10126582278481011,91.26500131304452,11.765749761197089,2.240390755670641,P,2.240390755670641,0.21971636360099633
Heston Monte Carlo,0.4931506849315068,100.99118135240688,-0.09177215189873417,92.13556709277739,11.080975358601616,2.413397335158782,P,2.413397335158782,0.21623358272301052
Heston Monte Carlo,0.4931506849315068,100.99118135240688,-0.08227848101265822,93.01443709390881,10.401419370204268,2.5998045976092095,P,2.5998045976092095,0.21267931468849344
Heston Monte Carlo,0.4931506849315068,100.99118135240688,-0.07278481012658228,93.90169052939963,9.728034848033905,2.8006436447203447,P,2.8006436447203447,0.20904830218152182
Heston Monte Carlo,0.4931506849315068,100.99118135240688,-0.06329113924050633,94.79740736781353,9.062283830500435,3.0174553090777656,P,3.0174553090777656,0.2053522769561295
Heston Monte Carlo,0.4931506849315068,100.99118135240688,-0.05379746835443039,95.70166834052466,8.405402796990622,3.2515556158521814,P,3.2515556158521814,0.20158793107095313
Heston Monte Carlo,0.4931506849315068,100.99118135240688,-0.044303797468354444,96.61455494899388,7.760188355580427,3.505821477681068,P,3.505821477681068,0.19780778704455987
Heston Monte Carlo,0.4931506849315068,100.99118135240688,-0.034810126582278444,97.53614947211472,7.12788842675798,3.781581885629492,P,3.781581885629492,0.19399594952893923
Heston Monte Carlo,0.4931506849315068,100.99118135240688,-0.0253164556962025,98.46653497362892,6.5091473382219185,4.079563011295466,P,4.079563011295466,0.19011107653301007
Heston Monte Carlo,0.4931506849315068,100.99118135240688,-0.015822784810126556,99.40579530961338,5.905960970000347,4.401843359305377,P,4.401843359305377,0.18615927578661987
Heston Monte Carlo,0.4931506849315068,100.99118135240688,-0.006329113924050611,100.3540151360378,5.32076205484902,4.750939075159492,P,4.750939075159492,0.1821569117915251
Heston Monte Carlo,0.4931506849315068,100.99118135240688,0.0031645569620253333,101.31127991639497,4.755447573054187,5.128831347552444,C,4.755447573054187,0.17601436386763147
Heston Monte Carlo,0.4931506849315068,100.99118135240688,0.012658227848101333,102.27767592940357,4.2146427244201945,5.5402303879508885,C,4.2146427244201945,0.17197956481771076
Heston Monte Carlo,0.4931506849315068,100.99118135240688,0.022151898734177222,103.25329027678454,3.7016449688816238,5.988519478867602,C,3.7016449688816238,0.1679936799934642
Heston Monte Carlo,0.4931506849315068,100.99118135240688,0.03164556962025322,104.23821089111148,3.219101510610921,6.47643246570432,C,3.219101510610921,0.1640704394179207
Heston Monte Carlo,0.4931506849315068,100.99118135240688,0.04113924050632911,105.23252654373623,2.7703427186040828,7.007387185146607,C,2.7703427186040828,0.1602557281900865
Heston Monte Carlo,0.4931506849315068,100.99118135240688,0.05063291139240511,106.2363268527898,2.357729741676796,7.583833088043453,C,2.357729741676796,0.15657334043754223
Heston Monte Carlo,0.4931506849315068,100.99118135240688,0.060126582278481,107.24970229125961,1.9851351479839516,8.209731886885178,C,1.9851351479839516,0.15312930374273614
Heston Monte Carlo,0.4931506849315068,100.99118135240688,0.069620253164557,108.27274419514403,1.652865340761895,8.885479979580984,C,1.652865340761895,0.14992352613756427
Heston Monte Carlo,0.4931506849315068,100.99118135240688,0.07911392405063289,109.30554477168431,1.3606438278383348,9.6108917270792,C,1.3606438278383348,0.14696302164515251
Heston Monte Carlo,0.4931506849315068,100.99118135240688,0.08860759493670889,110.34819710767553,1.1056114080565802,10.383199647981138,C,1.1056114080565802,0.14416513422301597
Heston Monte Carlo,0.4931506849315068,100.99118135240688,0.09810126582278478,111.40079517785632,0.8871702357508278,11.201898491282222,C,0.8871702357508278,0.14157911686541458
Heston Monte Carlo,0.4931506849315068,100.99118135240688,0.10759493670886078,112.46343385337907,0.703320579590601,12.065082003562935,C,0.703320579590601,0.13922845869178646
Heston Monte Carlo,0.4931506849315068,100.99118135240688,0.11708860759493678,113.53620891036041,0.5518497133327842,12.970631828165017,C,0.5518497133327842,0.13717177830901378
Heston Monte Carlo,0.4931506849315068,100.99118135240688,0.12658227848101267,114.61921703851384,0.43184076286968176,13.917726360745977,C,0.43184076286968176,0.135639782944819
Heston Monte Carlo,0.4931506849315068,100.99118135240688,0.13607594936708867,115.71255584986434,0.33588873726514673,14.899056788901751,C,0.33588873726514673,0.13441373403069284
Heston Monte Carlo,0.4931506849315068,100.99118135240688,0.14556962025316456,116.81632388754606,0.2609012637488224,15.911627835829,C,0.2609012637488224,0.13357378351555277
Heston Monte Carlo,0.4931506849315068,100.99118135240688,0.15506329113924056,117.93062063468427,0.2015833893306154,16.950242570691685,C,0.2015833893306154,0.13293595793837726
Heston Monte Carlo,0.4931506849315068,100.99118135240688,0.16455696202531644,119.05554652336161,0.15429125211467218,18.01135608876927,C,0.15429125211467218,0.13236315497492496
Heston Monte Carlo,0.4931506849315068,100.99118135240688,0.17405063291139244,120.19120294367023,0.11735296357338057,19.093396402650033,C,0.11735296357338057,0.1319201481101307
Heston Monte Carlo,0.4931506849315068,100.99118135240688,0.18354430379746833,121.33769225285006,0.08827378125393465,20.193969623941232,C,0.08827378125393465,0.13148560231090994
Heston Monte Carlo,0.4931506849315068,100.99118135240688,0.19303797468354433,122.4951177845143,0.0658570028475536,21.311980866429952,C,0.0658570028475536,0.13111928520336907
Heston Monte Carlo,0.4931506849315068,100.99118135240688,0.20253164556962022,123.66358385796303,0.04871617644653047,22.446146465514264,C,0.04871617644653047,0.13080677060085616
Heston Monte Carlo,0.4931506849315068,100.99118135240688,0.21202531645569622,124.84319578758542,0.03581826729597206,23.595537154221752,C,0.03581826729597206,0.13058230323437126
Heston Monte Carlo,0.4931506849315068,100.99118135240688,0.22151898734177222,126.0340598923518,0.026403068008273904,24.75949748277551,C,0.026403068008273904,0.1305679329270737
Heston Monte Carlo,0.4931506849315068,100.99118135240688,0.2310126582278481,127.23628350539636,0.01941990933106684,25.93708253880336,C,0.01941990933106684,0.1306571536295434
Heston Monte Carlo,0.4931506849315068,100.99118135240688,0.2405063291139241,128.44997498369096,0.014315344946684338,27.127845641670223,C,0.014315344946684338,0.13089480852365848
Heston Monte Carlo,0.4931506849315068,100.99118135240688,0.25,129.6752437178115,0.010561157526037333,28.33136635815479,C,0.010561157526037333,0.13123883908203338
Heston Monte Carlo,1.0,102.02013400267558,-0.5,61.878339180614084,39.39934363161943,0.45275200657310355,P,0.45275200657310355,0.2997317305707832
Heston Monte Carlo,1.0,102.02013400267558,-0.49050632911392406,62.46858915401376,38.84903589216858,0.47524971748540534,P,0.47524971748540534,0.2977677877973456
Heston Monte Carlo,1.0,102.02013400267558,-0.4810126582278481,63.06446945032954,38.29430486162386,0.4987880590298573,P,0.4987880590298573,0.29577792398840186
Heston Monte Carlo,1.0,102.02013400267558,-0.47151898734177217,63.666033776528906,37.73522875199018,0.5234973628984532,P,0.5234973628984532,0.2937715757699205
Heston Monte Carlo,1.0,102.02013400267558,-0.4620253164556962,64.27333635188361,37.17167069676614,0.5492933794395755,P,0.5492933794395755,0.2917321679284128
Heston Monte Carlo,1.0,102.02013400267558,-0.4525316455696202,64.88643191285648,36.60370759232159,0.5763061237798427,P,0.5763061237798427,0.2896685317301749
Heston Monte Carlo,1.0,102.02013400267558,-0.44303797468354433,65.5053757180348,36.03141622922101,0.6046660119317719,P,0.6046660119317719,0.28758790587990346
Heston Monte Carlo,1.0,102.02013400267558,-0.43354430379746833,66.13022355311082,35.45482362101916,0.6344541944271014,P,0.6344541944271014,0.28549112158299494
Heston Monte Carlo,1.0,102.02013400267558,-0.4240506329113924,66.76103173590974,34.873979845985566,0.6657754029166372,P,0.6657754029166372,0.2833807236783792
Heston Monte Carlo,1.0,102.02013400267558,-0.41455696202531644,67.39785712146569,34.28923240719259,0.6990323151867465,P,0.6990323151867465,0.2812862024953223
Heston Monte Carlo,1.0,102.02013400267558,-0.4050632911392405,68.04075710714604,33.70064752690381,0.7343468545198265,P,0.7343468545198265,0.27920692939108804
Heston Monte Carlo,1.0,102.02013400267558,-0.39556962025316456,68.6897896378247,33.108134311520175,0.771684359660889,P,0.771684359660889,0.2771281242764464
Heston Monte Carlo,1.0,102.02013400267558,-0.3860759493670886,69.34501321110473,32.5115773934684,0.8109862317745845,P,0.8109862317745845,0.2750344901781401
Heston Monte Carlo,1.0,102.02013400267558,-0.37658227848101267,70.0064868825907,31.911417191430544,0.8527501997899287,P,0.8527501997899287,0.2729568387393354
Heston Monte Carlo,1.0,102.02013400267558,-0.36708860759493667,70.67427027121145,31.307137052746462,0.8965174679707463,P,0.8965174679707463,0.27084725224951123
Heston Monte Carlo,1.0,102.02013400267558,-0.3575949367088608,71.34842356459353,30.698931524630684,0.9425409923446836,P,0.9425409923446836,0.2687168693266372
Heston Monte Carlo,1.0,102.02013400267558,-0.3481012658227848,72.02900752448599,30.087286554811918,0.9913656866082716,P,0.9913656866082716,0.2665955423516302
Heston Monte Carlo,1.0,102.02013400267558,-0.3386075949367089,72.71608349223679,29.472073755405866,1.0429226913147307,P,1.0429226913147307,0.2644660080964507
Heston Monte Carlo,1.0,102.02013400267558,-0.3291139240506329,73.40971339432164,28.85306200878599,1.0970409851088196,P,1.0970409851088196,0.26230600678745686
Heston Monte Carlo,1.0,102.02013400267558,-0.31962025316455694,74.1099597479253,28.230544009054015,1.1540739316151798,P,1.1540739316151798,0.26012927194013713
Heston Monte Carlo,1.0,102.02013400267558,-0.310126582278481,74.81688566657648,27.60469083349143,1.2142538563569631,P,1.2142538563569631,0.257939559112766
Heston Monte Carlo,1.0,102.02013400267558,-0.30063291139240506,75.5305548658361,26.97564498221423,1.277785091932604,P,1.277785091932604,0.25573776703162643
Heston Monte Carlo,1.0,102.02013400267558,-0.2911392405063291,76.2510316690401,26.343090113955498,1.3444137193684054,P,1.3444137193684054,0.2534978041127658
Heston Monte Carlo,1.0,102.02013400267558,-0.28164556962025317,76.97838101309699,25.707245611981506,1.414422139663763,P,1.414422139663763,0.2512260807658679
Heston Monte Carlo,1.0,102.02013400267558,-0.2721518987341772,77.7126684543405,25.06822703689651,1.4879895322743473,P,1.4879895322743473,0.24892201898886107
Heston Monte Carlo,1.0,102.02013400267558,-0.2626582278481012,78.45396017443831,24.42631285215364,1.5654585863568964,P,1.5654585863568964,0.24659284177037344
Heston Monte Carlo,1.0,102.02013400267558,-0.25316455696202533,79.20232298635698,23.78194324464066,1.6473343271443721,P,1.6473343271443721,0.24425213245012872
Heston Monte Carlo,1.0,102.02013400267558,-0.24367088607594933,79.9578243403839,23.135108900416782,1.7336728975256734,P,1.7336728975256734,0.24188938803781268
Heston Monte Carlo,1.0,102.02013400267558,-0.2341772151898734,80.72053233020651,22.486035138944374,1.8247656981784126,P,1.8247656981784126,0.23950554684091735
Heston Monte Carlo,1.0,102.02013400267558,-0.22468354430379744,81.49051569904972,21.834944530938532,1.9209020113733335,P,1.9209020113733335,0.23710049942904043
Heston Monte Carlo,1.0,102.02013400267558,-0.2151898734177215,82.26784384587172,21.181941011447172,2.022253120066744,P,2.022253120066744,0.2346681834743099
Heston Monte Carlo,1.0,102.02013400267558,-0.20569620253164556,83.05258683161897,20.527382490795457,2.12924492491689,P,2.12924492491689,0.2322130751458411
Heston Monte Carlo,1.0,102.02013400267558,-0.1962025316455696,83.84481538554071,19.872079450921692,2.2427565467461714,P,2.2427565467461714,0.22975651570038863
Heston Monte Carlo,1.0,102.02013400267558,-0.18670886075949367,84.64460091156403,19.215516830240382,2.3623422175908226,P,2.3623422175908226,0.22726424760126696
Heston Monte Carlo,1.0,102.02013400267558,-0.17721518987341772,85.45201549472934,18.557743046190726,2.488120309495824,P,2.488120309495824,0.22472663806269086
Heston Monte Carlo,1.0,102.02013400267558,-0.16772151898734178,86.26713190768754,17.899344407722417,2.6207477533049532,P,2.6207477533049532,0.222154055615278
Heston Monte Carlo,1.0,102.02013400267558,-0.15822784810126583,87.09002361725902,17.240737498439458,2.760712428169768,P,2.760712428169768,0.21954855789983774
Heston Monte Carlo,1.0,102.02013400267558,-0.1487341772151899,87.92076479105525,16.5827925991567,2.908956590532326,P,2.908956590532326,0.21692662059475848
Heston Monte Carlo,1.0,102.02013400267558,-0.1392405063291139,88.75943030416357,15.92603113044119,3.066074323153973,P,3.066074323153973,0.21428994627411863
Heston Monte Carlo,1.0,102.02013400267558,-0.12974683544303794,89.60609574589567,15.270738752156097,3.232424641207743,P,3.232424641207743,0.21163111986400918
Heston Monte Carlo,1.0,102.02013400267558,-0.120253164556962,90.46083742660053,14.617060574165716,3.4082267095951098,P,3.4082267095951098,0.20893780192241795
Heston Monte Carlo,1.0,102.02013400267558,-0.11075949367088606,91.32373238454234,13.965624832541284,3.594183525826846,P,3.594183525826846,0.20621266418097534
Heston Monte Carlo,1.0,102.02013400267558,-0.10126582278481011,92.19485839284384,13.317165705227362,3.791104742427093,P,3.791104742427093,0.20345996976875824
Heston Monte Carlo,1.0,102.02013400267558,-0.09177215189873417,93.07429396649628,12.672824138579129,4.000207500273506,P,4.000207500273506,0.20069419842346642
Heston Monte Carlo,1.0,102.02013400267558,-0.08227848101265822,93.96211836943581,12.03434033315025,4.2233089212526504,P,4.2233089212526504,0.19794438470838216
Heston Monte Carlo,1.0,102.02013400267558,-0.07278481012658228,94.8584116216877,11.402129146032829,4.460901517532797,P,4.460901517532797,0.19519814960028364
Heston Monte Carlo,1.0,102.02013400267558,-0.06329113924050633,95.76325450657848,10.777041991828264,4.71391509953365,P,4.71391509953365,0.19245492208201853
Heston Monte Carlo,1.0,102.02013400267558,-0.05379746835443039,96.67672857801708,10.159381518527166,4.982731458872441,P,4.982731458872441,0.18969792495951532
Heston Monte Carlo,1.0,102.02013400267558,-0.044303797468354444,97.59891616784529,9.550854013577894,5.269136781565853,P,5.269136781565853,0.18694775093901067
Heston Monte Carlo,1.0,102.02013400267558,-0.034810126582278444,98.52990039325832,8.95254350554666,5.5742957568907485,P,5.5742957568907485,0.1842059652245035
Heston Monte Carlo,1.0,102.02013400267558,-0.0253164556962025,99.46976516429622,8.364209353728128,5.898049174265538,P,5.898049174265538,0.1814384686041457
Heston Monte Carlo,1.0,102.02013400267558,-0.015822784810126556,100.41859519140678,7.787366551867573,6.241994234311188,P,6.241994234311188,0.1786567486508338
Heston Monte Carlo,1.0,102.02013400267558,-0.006329113924050611,101.37647599308043,7.223806486853915,6.608005314953591,P,6.608005314953591,0.1758775933270566
Heston Monte Carlo,1.0,102.02013400267558,0.0031645569620253333,102.34349390355816,6.673444748599408,6.99608178878365,C,6.673444748599408,0.17284452483638885
Heston Monte Carlo,1.0,102.02013400267558,0.012658227848101333,103.31973608061276,6.138227339382269,7.408254239950763,C,6.138227339382269,0.17002512735528133
Heston Monte Carlo,1.0,102.02013400267558,0.022151898734177222,104.30529051340449,5.621155431759042,7.847609229699185,C,5.621155431759042,0.16723840008794943
Heston Monte Carlo,1.0,102.02013400267558,0.03164556962025322,105.30024603041149,5.123122078139491,8.31512601363849,C,5.123122078139491,0.16447537032348114
Heston Monte Carlo,1.0,102.02013400267558,0.04113924050632911,106.30469230743603,4.643871515087685,8.81063585381466,C,4.643871515087685,0.16169808899534333
Heston Monte Carlo,1.0,102.02013400267558,0.05063291139240511,107.31871987568698,4.185651696677961,9.336474559909147,C,4.185651696677961,0.15893293581540924
Heston Monte Carlo,1.0,102.02013400267558,0.060126582278481,108.34242012993938,3.7511318486376433,9.895400051300477,C,3.7511318486376433,0.15622009502438655
Heston Monte Carlo,1.0,102.02013400267558,0.069620253164557,109.37588533677206,3.340199800719342,10.487389697430725,C,3.340199800719342,0.15353007163639637
Heston Monte Carlo,1.0,102.02013400267558,0.07911392405063289,110.41920864288338,2.9547480534782853,11.114426392652526,C,2.9547480534782853,0.15089001719689404
Heston Monte Carlo,1.0,102.02013400267558,0.08860759493670889,111.4724840834869,2.598677010836475,11.780501796940724,C,2.598677010836475,0.14839340273174068
Heston Monte Carlo,1.0,102.02013400267558,0.09810126582278478,112.53580659078662,2.2701495532833005,12.483870917318178,C,2.2701495532833005,0.14598216318890822
Heston Monte Carlo,1.0,102.02013400267558,0.10759493670886078,113.60927200253342,1.9697275667103795,13.225188644993692,C,1.9697275667103795,0.14367274979956765
Heston Monte Carlo,1.0,102.02013400267558,0.11708860759493678,114.69297707066266,1.6967299414043013,14.003867762737485,C,1.6967299414043013,0.1414525943655997
Heston Monte Carlo,1.0,102.02013400267558,0.12658227848101267,115.78701947001487,1.451804576833883,14.820650958131084,C,1.451804576833883,0.13936383574096184
Heston Monte Carlo,1.0,102.02013400267558,0.13607594936708867,116.89149780713895,1.2343011679541611,15.67498361841458,C,1.2343011679541611,0.13742163120052553
Heston Monte Carlo,1.0,102.02013400267558,0.14556962025316456,118.00651162917973,1.0435723836169404,16.566315017521635,C,1.0435723836169404,0.13565781218567424
Heston Monte Carlo,1.0,102.02013400267558,0.15506329113924056,119.1321614328502,0.8773740272938172,17.492498485510342,C,0.8773740272938172,0.13405368006745366
Heston Monte Carlo,1.0,102.02013400267558,0.16455696202531644,120.26854867348926,0.7338075431649338,18.45173392344102,C,0.7338075431649338,0.13260966325424722
Heston Monte Carlo,1.0,102.02013400267558,0.17405063291139244,121.41577577420604,0.6114804314681752,19.44272822760078,C,0.6114804314681752,0.13136148378748602
Heston Monte Carlo,1.0,102.02013400267558,0.18354430379746833,122.57394613511124,0.5068731139992727,20.462062163960685,C,0.5068731139992727,0.1302322598246361
Heston Monte Carlo,1.0,102.02013400267558,0.19303797468354433,123.74316414263672,0.41820145514206597,21.508052898250995,C,0.41820145514206597,0.12922715554936332
Heston Monte Carlo,1.0,102.02013400267558,0.20253164556962022,124.92353517894382,0.34408216295148036,22.5794194061745,C,0.34408216295148036,0.12838355075727842
Heston Monte Carlo,1.0,102.02013400267558,0.21202531645569622,126.11516563142156,0.28267306532894426,23.674422758799622,C,0.28267306532894426,0.12771129884120108
Heston Monte Carlo,1.0,102.02013400267558,0.22151898734177222,127.31816290227533,0.2316080272632969,24.790801049105063,C,0.2316080272632969,0.12715748554500722
Heston Monte Carlo,1.0,102.02013400267558,0.2310126582278481,128.53263541820718,0.18912045051381554,25.926892901058924,C,0.18912045051381554,0.12668875555075354
Heston Monte Carlo,1.0,102.02013400267558,0.2405063291139241,129.75869264018826,0.1545972192040576,27.08219142469573,C,0.1545972192040576,0.12639041334949147
Heston Monte Carlo,1.0,102.02013400267558,0.25,130.9964450733247,0.12611800422516214,28.25488353009291,C,0.12611800422516214,0.12617420448592048
