T,log_moneyness,price_heston_sc,iv_heston_sc,price_heston_mc,iv_heston_mc,price_abs_error,iv_abs_error
0.019178082191780823,-0.09177215189873417,0.003321474641651889,0.24456382748877764,0.00024284765280752603,0.19606352813204292,0.0030786269888443633,0.04850029935673472
0.019178082191780823,-0.08227848101265822,0.007393083827267333,0.24197571931200046,0.0011257022862241573,0.19999594456323447,0.006267381541043175,0.04197977474876599
0.019178082191780823,-0.07278481012658228,0.01406356116807217,0.23557444124624694,0.003357570609767227,0.19867957598600272,0.010705990558304943,0.036894865260244214
0.019178082191780823,-0.06329113924050633,0.027336946309532095,0.23029671073226246,0.008694480469862834,0.1957921034814398,0.01864246583966926,0.03450460725082266
0.019178082191780823,-0.05379746835443039,0.053643433651046735,0.22637139097907524,0.02280794916685385,0.19502782292533594,0.030835484484192884,0.03134356805373931
0.019178082191780823,-0.044303797468354444,0.10103108000856764,0.22220809036887257,0.053186150043289804,0.19316532679144188,0.04784492996527784,0.029042763577430686
0.019178082191780823,-0.034810126582278444,0.18123277595012155,0.21733795317885335,0.11459590725826756,0.19111289673206067,0.06663686869185399,0.026225056446792683
0.019178082191780823,-0.0253164556962025,0.3125279053225398,0.21221249856212676,0.22935373958111108,0.1890930583061129,0.08317416574142875,0.023119440256013868
0.019178082191780823,-0.015822784810126556,0.5189989496920475,0.20717863486381766,0.4246584466829927,0.18680021198118835,0.09434050300905483,0.02037842288262931
0.019178082191780823,-0.006329113924050611,0.8259555831140233,0.20214491784881367,0.7301033741666062,0.18424035081804277,0.09585220894741708,0.017904567030770896
0.019178082191780823,0.0031645569620253333,0.9380153037108769,0.19686935964473012,0.8476228994564841,0.18040878265164173,0.09039240425439288,0.016460576993088394
0.019178082191780823,0.012658227848101333,0.5456076071138654,0.19128358720488842,0.48115137143361597,0.17817521966508576,0.06445623568024939,0.013108367539802657
0.019178082191780823,0.022151898734177222,0.2795939727397112,0.1855716624659543,0.24251052167647913,0.17574271220715126,0.037083451063232076,0.009828950258803038
0.019178082191780823,0.03164556962025322,0.12306782849416997,0.18004844929163077,0.10524792223826003,0.17269619774683936,0.017819906255909942,0.0073522515447914105
0.019178082191780823,0.04113924050632911,0.04537319807878948,0.17490200732072722,0.038688354823915014,0.16965876368161184,0.006684843254874465,0.00524324363911538
0.019178082191780823,0.05063291139240511,0.013327524103610155,0.169583866720311,0.011687067347443942,0.16649560106906264,0.0016404567561662132,0.0030882656512483675
0.019178082191780823,0.060126582278481,0.0024997563372603504,0.16125486268766792,0.0026525240299062184,0.16223968042899967,0.000152767692645868,0.000984817741331745
0.038356164383561646,-0.1962025316455696,0.0003560949169525429,0.28977275836759814,0.00011161650955665125,0.26896954528969763,0.00024447840739589167,0.020803213077900506
0.038356164383561646,-0.18670886075949367,0.0006068893082726845,0.28726101864178655,0.00015153442964675732,0.26152850145081996,0.00045535487862592716,0.025732517190966586
0.038356164383561646,-0.17721518987341772,0.0006257497316113358,0.27422369471614005,0.00023064674969771885,0.25578976626332284,0.00039510298191361697,0.018433928452817216
0.038356164383561646,-0.16772151898734178,0.0009063261332045158,0.2679485177267372,0.00040745065827263053,0.2525282001077366,0.0004988754749318852,0.015420317619000645
0.038356164383561646,-0.15822784810126583,0.0018271410749264305,0.2688792442530435,0.0008090975731384896,0.2516079043942452,0.0010180435017879408,0.017271339858798307
0.038356164383561646,-0.1487341772151899,0.003196098415159554,0.2671370004897433,0.0014777427989596647,0.24943114277140138,0.0017183556161998893,0.017705857718341933
0.038356164383561646,-0.1392405063291139,0.004878802415419159,0.26216016167256384,0.0027659977040999373,0.2481478547719538,0.0021128047113192217,0.014012306900610033
0.038356164383561646,-0.12974683544303794,0.0074952398633598705,0.2573399340592184,0.005106766838996281,0.24707780238876373,0.0023884730243635896,0.010262131670454672
0.038356164383561646,-0.120253164556962,0.012066974172114442,0.25395781750981505,0.00878306858899491,0.2447013652063218,0.003283905583119532,0.009256452303493257
0.038356164383561646,-0.11075949367088606,0.01932192197614313,0.2506864910936665,0.014509247287792114,0.24156455902258148,0.004812674688351016,0.009121932071084998
0.038356164383561646,-0.10126582278481011,0.02999922897357976,0.2466670891341797,0.02385962154722753,0.2386622598626604,0.00613960742635223,0.008004829271519298
0.038356164383561646,-0.09177215189873417,0.045840858248183736,0.24231075329432256,0.03852020035875945,0.23559740766089105,0.0073206578894242855,0.006713345633431511
0.038356164383561646,-0.08227848101265822,0.06983337596608408,0.23812809048783232,0.062220909610269166,0.23314982674711646,0.0076124663558149105,0.00497826374071586
0.038356164383561646,-0.07278481012658228,0.1056034522097633,0.23403146326061294,0.09868319698399176,0.2307294590789178,0.0069202552257715405,0.003302004181695156
0.038356164383561646,-0.06329113924050633,0.15738168338720016,0.2297239194103423,0.1523815722838841,0.2279321944787518,0.005000111103316052,0.0017917249315904937
0.038356164383561646,-0.05379746835443039,0.23101803612910032,0.22516563092719655,0.22930247362752978,0.2246898647909057,0.001715562501570539,0.00047576613629085607
0.038356164383561646,-0.044303797468354444,0.3347148654415264,0.22050328111638418,0.3370932568921254,0.22102971585724557,0.0023783914505989823,0.0005264347408613923
0.038356164383561646,-0.034810126582278444,0.47852575130880837,0.2157932569030726,0.4873486560522837,0.21740328545733195,0.008822904743475357,0.0016100285542593462
0.038356164383561646,-0.0253164556962025,0.673569787790214,0.21095101980902664,0.6898531668521835,0.21349340703240097,0.016283379061969416,0.002542387223374326
0.038356164383561646,-0.015822784810126556,0.9320312804967443,0.20590186612237932,0.9569508568665207,0.20937149905394425,0.024919576369776375,0.0034696329315649366
0.038356164383561646,-0.006329113924050611,1.2671154982162278,0.20067192409790924,1.2992195350179259,0.20484902923694653,0.032104036801698044,0.004177105139037296
0.038356164383561646,0.0031645569620253333,1.3746636317690104,0.19532616745490444,1.4125231133733946,0.20018305192471336,0.03785948160438424,0.00485688446980892
0.038356164383561646,0.012658227848101333,0.9412662550511257,0.18987728313511226,0.9834687415735986,0.19555841602148472,0.04220248652247294,0.005681132886372453
0.038356164383561646,0.022151898734177222,0.6016572590069487,0.18429352002372124,0.6458589169380918,0.19100713574069889,0.04420165793114317,0.00671361571697765
0.038356164383561646,0.03164556962025322,0.3536192579363693,0.1785944079550818,0.39504277304487506,0.18632370078683938,0.04142351510850578,0.007729292831757578
0.038356164383561646,0.04113924050632911,0.18809336548114963,0.1729307606500129,0.22143337205344993,0.1813801614082487,0.033340006572300296,0.008449400758235803
0.038356164383561646,0.05063291139240511,0.0893502927657579,0.16756526229677218,0.11110930582800436,0.1759979504714399,0.021759013062246466,0.008432688174667718
0.038356164383561646,0.060126582278481,0.037559245475997205,0.1627218633778167,0.04979440250074022,0.17098338377683817,0.012235157024743017,0.008261520399021477
0.038356164383561646,0.069620253164557,0.01376423745699551,0.15830737575651688,0.01999720994188424,0.16673055512771676,0.00623297248488873,0.00842317937119988
0.038356164383561646,0.07911392405063289,0.004208919490268359,0.15378535763096687,0.006922340839009352,0.16248439474821622,0.0027134213487409933,0.008699037117249342
0.038356164383561646,0.08860759493670889,0.0010876149506179322,0.149767706557917,0.0022764438139817526,0.16004503741275908,0.0011888288633638204,0.010277330854842087
0.038356164383561646,0.09810126582278478,0.0004510166210630745,0.1532337166446739,0.0007528550031972373,0.159441242362392,0.00030183838213416277,0.006207525717718099
0.038356164383561646,0.10759493670886078,0.00027798566266738246,0.1611328221777344,0.00018168021991286036,0.15651823058845282,9.63054427545221e-05,0.004614591589281569
0.0821917808219178,-0.310126582278481,0.000680514800990295,0.31831801873988985,0.00012988711103730224,0.2861619089943266,0.0005506276899529928,0.032156109745563266
0.0821917808219178,-0.30063291139240506,0.0009171185958791739,0.31584740621889107,0.00017947625527909425,0.28327346791428804,0.0007376423406000797,0.032573938304603034
0.0821917808219178,-0.2911392405063291,0.001005709872416105,0.3085786198030698,0.0003485910561647982,0.2865874861571717,0.0006571188162513069,0.021991133645898053
0.0821917808219178,-0.28164556962025317,0.0012647257652105282,0.3043702338671202,0.0005678469303058382,0.2870869730793906,0.0006968788349046899,0.017283260787729626
0.0821917808219178,-0.2721518987341772,0.001875282944709511,0.3040787671547514,0.0009579376597842338,0.28865040290872224,0.0009173452849252771,0.01542836424602917
0.0821917808219178,-0.2626582278481012,0.0026168869760141433,0.30245781884332656,0.0014468118297581787,0.28817058551923996,0.0011700751462559646,0.014287233324086601
0.0821917808219178,-0.25316455696202533,0.003304443528207912,0.2982916031934712,0.0020568064162825284,0.286472598204597,0.0012476371119253837,0.011819004988874227
0.0821917808219178,-0.24367088607594933,0.004186880359895895,0.2941539232672449,0.0028407049452883444,0.2841660474680144,0.0013461754146075504,0.009987875799230495
0.0821917808219178,-0.2341772151898734,0.0056281508807956016,0.29160001325533913,0.0038039557691159982,0.2811268066369957,0.0018241951116796033,0.010473206618343445
0.0821917808219178,-0.22468354430379744,0.007618452553529664,0.28930083859353284,0.004971710397528065,0.27745247831716535,0.0026467421560015993,0.011848360276367487
0.0821917808219178,-0.2151898734177215,0.009961471656694698,0.2860266064509571,0.006486687114242717,0.2736957465760979,0.0034747845424519808,0.012330859874859212
0.0821917808219178,-0.20569620253164556,0.012832652066492756,0.2822880913794127,0.008490425998499265,0.26999101988749297,0.00434222606799349,0.01229707149191972
0.0821917808219178,-0.1962025316455696,0.016766481881575146,0.27898677637642133,0.011230454251805261,0.26656285875009267,0.0055360276297698845,0.012423917626328662
0.0821917808219178,-0.18670886075949367,0.02210579376566102,0.2760138829654855,0.01469966829633816,0.2628116404386558,0.00740612546932286,0.013202242526829722
0.0821917808219178,-0.17721518987341772,0.028873697299076184,0.27276120162724343,0.019240233386579392,0.25903589109065284,0.009633463912496792,0.013725310536590596
0.0821917808219178,-0.16772151898734178,0.03731603644584425,0.2691493091726904,0.025325034091515267,0.25542673672446375,0.01199100235432898,0.013722572448226666
0.0821917808219178,-0.15822784810126583,0.04821838205198503,0.26554672994386497,0.03355523524861251,0.25205298345176363,0.014663146803372523,0.013493746492101333
0.0821917808219178,-0.1487341772151899,0.062486942010636426,0.2620944196121532,0.04438020327600068,0.24865428936056538,0.018106738734635745,0.0134401302515878
0.0821917808219178,-0.1392405063291139,0.08074922837923282,0.25857788527582437,0.05881132459070324,0.24538532850375142,0.021937903788529577,0.013192556772072955
0.0821917808219178,-0.12974683544303794,0.10371057071384371,0.254844464538753,0.07818367604032933,0.24233823662344445,0.025526894673514378,0.012506227915308532
0.0821917808219178,-0.120253164556962,0.13271900485220556,0.25099389273525496,0.10387232171309878,0.239407168909251,0.02884668313910678,0.011586723826003953
0.0821917808219178,-0.11075949367088606,0.16963721332783166,0.24714993797863627,0.13722585191258066,0.2363965755605702,0.032411361415251,0.01075336241806607
0.0821917808219178,-0.10126582278481011,0.21631172421534473,0.2432688234513648,0.18043005937305695,0.23335480153215366,0.035881664842287775,0.009914021919211147
0.0821917808219178,-0.09177215189873417,0.2746319199760876,0.2392448254149816,0.23633651426988264,0.23035253886388618,0.03829540570620496,0.008892286551095419
0.0821917808219178,-0.08227848101265822,0.34717232184900126,0.2350726120477577,0.30743213079701803,0.22723570489271855,0.03974019105198323,0.007836907155039152
0.0821917808219178,-0.07278481012658228,0.43741249640616786,0.23081791609687785,0.3968037560689008,0.2239403410409671,0.04060874033726708,0.006877575055910745
0.0821917808219178,-0.06329113924050633,0.549245749833517,0.2264927772349014,0.506858319294694,0.22025008943344915,0.04238743053882299,0.006242687801452262
0.0821917808219178,-0.05379746835443039,0.6866997367397403,0.22204057570601787,0.644847775716348,0.21661287664644951,0.04185196102339228,0.005427699059568358
0.0821917808219178,-0.044303797468354444,0.8544154346586623,0.21742431704933118,0.813332242496797,0.2126635916351589,0.04108319216186529,0.004760725414172273
0.0821917808219178,-0.034810126582278444,1.0580977513458123,0.2126649862907116,1.0202256718175136,0.20868166842430624,0.03787207952829874,0.00398331786640535
0.0821917808219178,-0.0253164556962025,1.304145162960964,0.2077857943169788,1.271867230600953,0.20464929081307465,0.032277932360010864,0.0031365035039041533
0.0821917808219178,-0.015822784810126556,1.599002210440844,0.20276448601110364,1.5735107096290275,0.20042930292617495,0.025491500811816392,0.0023351830849286936
0.0821917808219178,-0.006329113924050611,1.9491582998451094,0.19756411929908446,1.93115532700513,0.19597316655942154,0.018002972839979314,0.0015909527396629208
0.0821917808219178,0.0031645569620253333,2.0447785117780555,0.19218701899489368,2.0242079948006837,0.19038617175870304,0.020570516977371778,0.0018008472361906447
0.0821917808219178,0.012658227848101333,1.569971570977252,0.1866743099750376,1.5549492178371291,0.1853302683117097,0.01502235314012279,0.0013440416633278829
0.0821917808219178,0.022151898734177222,1.1607350829258962,0.18106765611896142,1.1504267797301377,0.18008971503067622,0.010308303195758484,0.0009779410882851947
0.0821917808219178,0.03164556962025322,0.8206239580774621,0.17540839301490374,0.8148209773604879,0.17479851875644298,0.005802980716974271,0.000609874258460763
0.0821917808219178,0.04113924050632911,0.5506926028229238,0.16979228739886743,0.5482223754695168,0.16948936076224097,0.002470227353406962,0.0003029266366264549
0.0821917808219178,0.05063291139240511,0.34865787085140454,0.1644117551709961,0.3495383516091037,0.1645454884358305,0.0008804807576991425,0.0001337332648344014
0.0821917808219178,0.060126582278481,0.20769536219286522,0.15951397865532396,0.21025479618472354,0.16002849246725415,0.0025594339918583175,0.000514513811930184
0.0821917808219178,0.069620253164557,0.11648605478165219,0.15528269615392315,0.11872111351456403,0.1559212574759311,0.0022350587329118404,0.0006385613220079578
0.0821917808219178,0.07911392405063289,0.0615855703785364,0.15174158887151223,0.06281682567605291,0.15227977224662895,0.001231255297516512,0.0005381833751167131
0.0821917808219178,0.08860759493670889,0.03071838456237863,0.14882001133433514,0.031056300058163594,0.14906365463259302,0.00033791549578496283,0.00024364329825787845
0.0821917808219178,0.09810126582278478,0.014608699861288432,0.1466069467576055,0.01474921476284761,0.1467847921160984,0.00014051490155917758,0.00017784535849291183
0.0821917808219178,0.10759493670886078,0.006835208240982715,0.14541239517288984,0.006484855880729096,0.14458444940571255,0.0003503523602536194,0.0008279457671772905
0.0821917808219178,0.11708860759493678,0.0031589161979275193,0.1449573137109399,0.0027044147949166738,0.1428528972255476,0.00045450140301084557,0.0021044164853923075
0.0821917808219178,0.12658227848101267,0.0012680859638188047,0.14346242922296282,0.0010351355695696121,0.14110387343391775,0.00023295039424919253,0.0023585557890450637
0.0821917808219178,0.13607594936708867,0.0003680173952139987,0.1395249463969755,0.000551062698507744,0.14363826292469858,0.00018304530329374532,0.004113316527723093
0.0821917808219178,0.14556962025316456,0.00018908238720430348,0.14201642054360392,0.00025992415083691325,0.14502109068072197,7.084176363260976e-05,0.003004670137118054
0.0821917808219178,0.15506329113924056,0.00025125585361647496,0.15343547836683508,0.00010032321787218382,0.14480711000640634,0.00015093263574429114,0.00862836836042874
0.1643835616438356,-0.5,0.0008625121104870459,0.35927654240827805,0.00018448832114678325,0.325663099100871,0.0006780237893402627,0.033613443307407065
0.1643835616438356,-0.49050632911392406,0.0009387378603733509,0.35489381288670896,0.0002422495172361717,0.3249800298731112,0.0006964883431371793,0.02991378301359776
0.1643835616438356,-0.4810126582278481,0.0011219728184599376,0.35281659102044105,0.00030841436971604637,0.3237271402424383,0.0008135584487438913,0.029089450778002734
0.1643835616438356,-0.47151898734177217,0.0014154717573902076,0.3521332237694579,0.0004261511814802185,0.3241956327494359,0.000989320575909989,0.027937591020021968
0.1643835616438356,-0.4620253164556962,0.0016909316641360306,0.3500610682979858,0.0005450110704137531,0.32313467007455593,0.0011459205937222774,0.026926398223429848
0.1643835616438356,-0.4525316455696202,0.0019177358857547233,0.34659505821122877,0.000699171955501858,0.3221798036671638,0.0012185639302528654,0.024415254544064957
0.1643835616438356,-0.44303797468354433,0.002228405469054451,0.3437447641037702,0.0009433671890298491,0.3224170301528954,0.0012850382800246017,0.021327733950874783
0.1643835616438356,-0.43354430379746833,0.002706872386397663,0.3420886490519982,0.0012185282560264142,0.32175452452754194,0.0014883441303712487,0.020334124524456265
0.1643835616438356,-0.4240506329113924,0.0032607418588810333,0.34021527507045446,0.0014963140510720224,0.31994045716743114,0.001764427807809011,0.020274817903023323
0.1643835616438356,-0.41455696202531644,0.003797821162166315,0.33738390543767416,0.0018179776629302306,0.3178745601836479,0.001979843499236084,0.019509345254026256
0.1643835616438356,-0.4050632911392405,0.004407204840546797,0.33442162910406786,0.0022001304969884194,0.315709421466512,0.0022070743435583773,0.018712207637555878
0.1643835616438356,-0.39556962025316456,0.005234862959312636,0.33211872915197044,0.0026474326247977846,0.31339452607967766,0.0025874303345148515,0.018724203072292778
0.1643835616438356,-0.3860759493670886,0.006265168318520864,0.330039644640557,0.003207725364988149,0.3112498019533365,0.003057442953532715,0.018789842687220504
0.1643835616438356,-0.37658227848101267,0.007383116571261894,0.32748804430863165,0.003879769755469187,0.30905739411127064,0.003503346815792707,0.01843065019736101
0.1643835616438356,-0.36708860759493667,0.008613823386511399,0.32460824590206827,0.0048220185492526026,0.3076046799093879,0.0037918048372587963,0.01700356599268038
0.1643835616438356,-0.3575949367088608,0.01013097404596408,0.32196127813869313,0.006192198125472776,0.3071148042361198,0.003938775920491305,0.01484647390257332
0.1643835616438356,-0.3481012658227848,0.01201889474234008,0.31958208424143575,0.00780418537452368,0.30618296012272617,0.0042147093678164,0.013399124118709582
0.1643835616438356,-0.3386075949367089,0.014195680321179793,0.31705205334029546,0.009706877315722241,0.30493018225076207,0.004488803005457552,0.012121871089533387
0.1643835616438356,-0.3291139240506329,0.01663226177679178,0.3142380063073685,0.012044125509114885,0.30366272673505135,0.004588136267676894,0.010575279572317131
0.1643835616438356,-0.31962025316455694,0.01949595115188174,0.3114200477196358,0.014891023695280425,0.30234423474235367,0.004604927456601316,0.009075812977282105
0.1643835616438356,-0.310126582278481,0.02297360054831188,0.30877170159885303,0.018192463059522653,0.3006903176118534,0.004781137488789226,0.008081383986999646
0.1643835616438356,-0.30063291139240506,0.02707741557173904,0.3061214369535702,0.022101138514509133,0.29888750062842134,0.004976277057229906,0.007233936325148849
0.1643835616438356,-0.2911392405063291,0.03176924843467077,0.30329144567819766,0.02663673455062255,0.29684008108448146,0.005132513884048222,0.006451364593716202
0.1643835616438356,-0.28164556962025317,0.03719605864861819,0.30036476449332183,0.03200322246291286,0.29470500545999423,0.005192836185705332,0.005659759033327605
0.1643835616438356,-0.2721518987341772,0.04363710123442388,0.29749776245890813,0.038405034529884,0.29254936623310046,0.005232066704539878,0.004948396225807672
0.1643835616438356,-0.2626582278481012,0.05125509641160875,0.2946649772158173,0.04572516938869928,0.29011138725505103,0.00552992702290947,0.004553589960766269
0.1643835616438356,-0.25316455696202533,0.06008141968557368,0.2917369735528882,0.054428604379786014,0.2876763885092343,0.0056528153057876646,0.004060585043653864
0.1643835616438356,-0.24367088607594933,0.07026817838929844,0.2886974160721948,0.06486642501608023,0.28530701075189385,0.0054017533732182155,0.0033904053203009377
0.1643835616438356,-0.2341772151898734,0.08218303233701363,0.2856399306319758,0.07688376657328842,0.2827248537263565,0.0052992657637252055,0.002915076905619318
0.1643835616438356,-0.22468354430379744,0.09618960164618784,0.28259916243193783,0.09084605681322651,0.28001752694704135,0.0053435448329613305,0.002581635484896483
0.1643835616438356,-0.2151898734177215,0.11249547574261953,0.2795081586923256,0.10705784594966915,0.2771950328183793,0.005437629792950385,0.0023131258739462757
0.1643835616438356,-0.20569620253164556,0.1313381719524216,0.2763192077577369,0.12582064832090836,0.27424665181755836,0.005517523631513227,0.002072555940178522
0.1643835616438356,-0.1962025316455696,0.15320279391103497,0.2730690037375382,0.1478692556301102,0.27129658512288074,0.005333538280924782,0.0017724186146574339
0.1643835616438356,-0.18670886075949367,0.1787092677161155,0.2698013700153905,0.1730711872186363,0.2681390197589938,0.005638080497479214,0.0016623502563967163
0.1643835616438356,-0.17721518987341772,0.2083724196193515,0.26649503518373197,0.20168412358817536,0.26473989725941205,0.0066882960311761275,0.0017551379243199161
0.1643835616438356,-0.16772151898734178,0.24265966574130005,0.2631053469818121,0.23480605558725384,0.26126646918836305,0.007853610154046203,0.0018388777934490452
0.1643835616438356,-0.15822784810126583,0.2822653682448646,0.2596328921428517,0.27364534656667655,0.25782827770685424,0.008620021678188039,0.0018046144359974425
0.1643835616438356,-0.1487341772151899,0.3281498600444195,0.2561087768407807,0.319915091876478,0.2545648535627354,0.008234768167941497,0.0015439232780453116
0.1643835616438356,-0.1392405063291139,0.3812930657859539,0.2525355645409806,0.374083974458488,0.25132193946997483,0.0072090913274658885,0.0012136250710057528
0.1643835616438356,-0.12974683544303794,0.4426041032696162,0.24888296397677262,0.4368197841653174,0.24800571166428742,0.005784319104298774,0.0008772523124851994
0.1643835616438356,-0.120253164556962,0.5131659600063898,0.24513434172700743,0.5096875900615611,0.2446574603319358,0.003478369944828752,0.00047688139507162663
0.1643835616438356,-0.11075949367088606,0.5944222217880935,0.2413030599422975,0.5933859076935541,0.2411741183320999,0.0010363140945393035,0.0001289416101976082
0.1643835616438356,-0.10126582278481011,0.6880109315567182,0.23739890449457618,0.6890934402493557,0.23752165979458428,0.001082508692637485,0.00012275530000810386
0.1643835616438356,-0.09177215189873417,0.795556131840442,0.23340515348704954,0.7991296516146161,0.23377607365640624,0.003573519774174083,0.00037092016935669214
0.1643835616438356,-0.08227848101265822,0.9188044096863734,0.22929987194482288,0.9250160436190737,0.22989288111564432,0.0062116339327003,0.0005930091708214458
0.1643835616438356,-0.07278481012658228,1.0599054399775838,0.22508106800174377,1.0699391621434067,0.22596656601145748,0.010033722165822878,0.0008854980097137144
0.1643835616438356,-0.06329113924050633,1.2213878168899583,0.2207560141229521,1.2346760674443098,0.22184637632314747,0.013288250554351455,0.0010903622001953717
0.1643835616438356,-0.05379746835443039,1.4059029588553074,0.2163168685723854,1.4223659052887148,0.21758076760002149,0.0164629464334074,0.0012638990276360729
0.1643835616438356,-0.044303797468354444,1.6162099490505568,0.21174286052836472,1.637065985064734,0.2132513819071133,0.02085603601417718,0.001508521378748573
0.1643835616438356,-0.034810126582278444,1.8554639803917041,0.20702243460606873,1.879594413567535,0.2086798674792812,0.024130433175830968,0.001657432873212461
0.1643835616438356,-0.0253164556962025,2.12735064667271,0.2021589121346225,2.154404172443818,0.20393923767792255,0.027053525771107978,0.0017803255433000431
0.1643835616438356,-0.015822784810126556,2.4358720763522115,0.1971542104743727,2.4660650527268664,0.19907727167932604,0.0301929763746549,0.0019230612049533358
0.1643835616438356,-0.006329113924050611,2.785187154401939,0.19200131909465284,2.819087448351491,0.194115805505363,0.033900293949552296,0.002114486410710159
0.1643835616438356,0.0031645569620253333,2.863369097820062,0.18670099818751304,2.917286244756009,0.1900399013695407,0.05391714693594718,0.003338903182027647
0.1643835616438356,0.012658227848101333,2.3530170646253197,0.18128098021086334,2.4094717744736234,0.1848082841285928,0.0564547098483037,0.0035273039177294574
0.1643835616438356,0.022151898734177222,1.8893146331361592,0.1757964041176237,1.9459729670769517,0.1794368870110069,0.05665833394079245,0.003640482893383201
0.1643835616438356,0.03164556962025322,1.4773469100480696,0.17032322042775516,1.531823353046231,0.1740054580045346,0.054476442998161456,0.0036822375767794346
0.1643835616438356,0.04113924050632911,1.121433844509582,0.16496604111339563,1.1727059237161217,0.16871057951367935,0.051272079206539756,0.0037445384002837145
0.1643835616438356,0.05063291139240511,0.8244368835358706,0.15987188359172644,0.8700297885901934,0.16358297587011617,0.045592905054322785,0.003711092278389727
0.1643835616438356,0.060126582278481,0.5866207681082045,0.15521756876641052,0.6263032590648473,0.15894322692983814,0.03968249095664278,0.0037256581634276253
0.1643835616438356,0.069620253164557,0.40455998711492214,0.15115978700370064,0.44088810790888694,0.15523407180239973,0.0363281207939648,0.0040742847986990904
0.1643835616438356,0.07911392405063289,0.2711777308739638,0.14778121413668666,0.30331570954199777,0.15224149488888877,0.03213797866803397,0.004460280752202117
0.1643835616438356,0.08860759493670889,0.17725272463133201,0.14508141942867847,0.20354315565440678,0.14975756445509975,0.026290431023074767,0.0046761450264212745
0.1643835616438356,0.09810126582278478,0.11340035767557666,0.143020470096063,0.1330834952193053,0.14766227493092038,0.019683137543728635,0.004641804834857377
0.1643835616438356,0.10759493670886078,0.07133947853786626,0.14155651948733994,0.08585988289616153,0.14622582162115785,0.014520404358295269,0.004669302133817915
0.1643835616438356,0.11708860759493678,0.04429835163874962,0.14061539474450888,0.05594265773761261,0.14581103848693094,0.011644306098862987,0.005195643742422068
0.1643835616438356,0.12658227848101267,0.027131398435506382,0.14004531357127548,0.035373472689015376,0.14529637100677628,0.008242074253508994,0.0052510574355008055
0.1643835616438356,0.13607594936708867,0.016341900881527094,0.13970249373224514,0.021594469801274507,0.1446316860866026,0.005252568919747413,0.004929192354357459
0.1643835616438356,0.14556962025316456,0.00974509627745257,0.13963599730055054,0.013413834896328254,0.14475167768687605,0.0036687386188756846,0.005115680386325511
0.1643835616438356,0.15506329113924056,0.005852389947612224,0.1400160886689425,0.008291941246957767,0.14511761295216208,0.002439551299345543,0.005101524283219583
0.1643835616438356,0.16455696202531644,0.003516074333039021,0.1406497605474435,0.005179912504638213,0.1458878539727316,0.0016638381715991923,0.0052380934252881095
0.1643835616438356,0.17405063291139244,0.0020122086556890323,0.14089421409633962,0.0033269344458101485,0.1472016520996626,0.0013147257901211162,0.006307438003322979
0.1643835616438356,0.18354430379746833,0.0010879666134481214,0.1407472886472621,0.002197552800348904,0.14895924405896166,0.0011095861869007827,0.008211955411699556
0.1643835616438356,0.19303797468354433,0.0006498555385653984,0.14187545555899206,0.0014621768808508267,0.1508391000456118,0.0008123213422854283,0.008963644486619737
0.1643835616438356,0.20253164556962022,0.0004622018931887198,0.14479548710069834,0.0008241611111269738,0.15086651818215369,0.00036195921793825405,0.006071031081455347
0.1643835616438356,0.21202531645569622,0.00026884569254848403,0.14573455827725645,0.000446624806341368,0.15070737378092167,0.00017777911379288395,0.004972815503665212
0.2465753424657534,-0.5,0.00830682024066931,0.3516652528031011,0.008441193982138528,0.35219051873413365,0.00013437374146921775,0.0005252659310325258
0.2465753424657534,-0.49050632911392406,0.009353590582904303,0.34931869244879304,0.009582382752967362,0.35012067294264193,0.00022879217006305935,0.0008019804938488861
0.2465753424657534,-0.4810126582278481,0.010536447597132792,0.3469697479086987,0.010797668348419918,0.34779348409784716,0.00026122075128712577,0.0008237361891484385
0.2465753424657534,-0.47151898734177217,0.011919910316329663,0.3447512630345956,0.012165571495299184,0.34544722176676235,0.00024566117896952094,0.0006959587321667682
0.2465753424657534,-0.4620253164556962,0.013491957899354645,0.3425390366481814,0.013747780832194554,0.3431894723329921,0.0002558229328399088,0.0006504356848106574
0.2465753424657534,-0.4525316455696202,0.015217514991462622,0.3401920292590385,0.015483776122444885,0.3408013377390363,0.0002662611309822635,0.0006093084799977944
0.2465753424657534,-0.44303797468354433,0.017136071405360553,0.33777286299695874,0.017371220585916756,0.33825834282768324,0.0002351491805562024,0.00048547983072450007
0.2465753424657534,-0.43354430379746833,0.019336854338448006,0.33541237005696223,0.019355728946000888,0.3354476113031152,1.887460755288159e-05,3.5241246152950545e-05
0.2465753424657534,-0.4240506329113924,0.021853638636770256,0.33309330234500195,0.02143050722523894,0.3323778789710646,0.00042313141153131617,0.0007154233739373739
0.2465753424657534,-0.41455696202531644,0.02465956584374851,0.3307033051059006,0.023744676823992155,0.3293011803461698,0.0009148890197563549,0.0014021247597308384
0.2465753424657534,-0.4050632911392405,0.02777241398210606,0.3282256890391549,0.02644968979972978,0.3263899777424532,0.001322724182376278,0.0018357112967016809
0.2465753424657534,-0.39556962025316456,0.03129145069314632,0.3257469926382246,0.029508127308834377,0.3235065658043076,0.0017833233843119398,0.0022404268339170086
0.2465753424657534,-0.3860759493670886,0.03530290702303773,0.32330286693119503,0.03323672837725295,0.32096111220136236,0.0020661786457847817,0.002341754729832668
0.2465753424657534,-0.37658227848101267,0.039816047840929514,0.3208306711618225,0.037559910215299246,0.3185252007594245,0.002256137625630268,0.0023054704023980355
0.2465753424657534,-0.36708860759493667,0.04484084115951248,0.3182833921666349,0.04227223919823636,0.31591122044157605,0.002568601961276118,0.0023721717250588803
0.2465753424657534,-0.3575949367088608,0.050476384750353986,0.3156986926304739,0.0476693826064584,0.31335593207226276,0.002807002143895586,0.0023427605582111433
0.2465753424657534,-0.3481012658227848,0.05685978241096734,0.3131241258839046,0.05375803318872987,0.3107839916553484,0.0031017492222374723,0.0023401342285561677
0.2465753424657534,-0.3386075949367089,0.06406341919895908,0.31053994788838446,0.060531538215677624,0.3081288841326875,0.0035318809832814574,0.0024110637556969405
0.2465753424657534,-0.3291139240506329,0.07211804676329336,0.3079002537543024,0.0680407876941855,0.30537826016696495,0.004077259069107858,0.0025219935873374566
0.2465753424657534,-0.31962025316455694,0.08112495931023034,0.30520760461873364,0.07663248946072031,0.3026892804423328,0.004492469849510031,0.0025183241764008546
0.2465753424657534,-0.310126582278481,0.09126755298757416,0.30249907643329954,0.08639445544752629,0.3000228573504129,0.004873097540047874,0.0024762190828866437
0.2465753424657534,-0.30063291139240506,0.10270375460666514,0.29978083455343163,0.0974335245402207,0.2973521501746581,0.005270230066444448,0.002428684378773527
0.2465753424657534,-0.2911392405063291,0.11552529139986234,0.2970219730395529,0.10999972750854117,0.29471158991058355,0.005525563891321167,0.002310383128969362
0.2465753424657534,-0.28164556962025317,0.12985696991290752,0.29420722285808354,0.12397215198426745,0.29197134087832144,0.005884817928640068,0.0022358819797621
0.2465753424657534,-0.2721518987341772,0.14592980895578478,0.291356206975631,0.13949454942928932,0.28913156140270924,0.006435259526495457,0.0022246455729217907
0.2465753424657534,-0.2626582278481012,0.16400559149782623,0.28848483703835104,0.1570755391526379,0.28630389843376847,0.006930052345188342,0.002180938604582572
0.2465753424657534,-0.25316455696202533,0.1842846387074104,0.2855787520521717,0.17686452204893646,0.28345099196649337,0.007420116658473946,0.002127760085678332
0.2465753424657534,-0.24367088607594933,0.2069589305435926,0.28261836164677523,0.19895861840116927,0.2805252374475774,0.008000312142423333,0.0020931241991978267
0.2465753424657534,-0.2341772151898734,0.23232509029575965,0.2796078567737387,0.22366702744755773,0.2775385744324036,0.00865806284820192,0.0020692823413351324
0.2465753424657534,-0.22468354430379744,0.26076870756318726,0.2765620920280979,0.25137150900854377,0.27450818582243885,0.009397198554643493,0.0020539062056590396
0.2465753424657534,-0.2151898734177215,0.29265112496132417,0.2734786366579377,0.2829238103058117,0.2715330106711999,0.009727314655512465,0.001945625986737809
0.2465753424657534,-0.20569620253164556,0.32829801739740105,0.2703411366388808,0.318339205032845,0.2685158468417682,0.009958812364556036,0.0018252897971126059
0.2465753424657534,-0.1962025316455696,0.36811669283540027,0.26714382475589515,0.3583525426004831,0.2655019426413413,0.009764150234917168,0.0016418821145538498
0.2465753424657534,-0.18670886075949367,0.4126489605167478,0.2638953669655204,0.40245358285538263,0.2623194457721818,0.01019537766136519,0.001575921193338603
0.2465753424657534,-0.17721518987341772,0.462476017375991,0.26059910671579267,0.4520091456848082,0.2591098241330908,0.010466871691182766,0.0014892825827018674
0.2465753424657534,-0.16772151898734178,0.518145850497973,0.25724433612543174,0.5074740370645509,0.2558443184830218,0.010671813433422161,0.0014000176424099342
0.2465753424657534,-0.15822784810126583,0.5802572861831408,0.2538206895742029,0.569538097009293,0.2525218578010161,0.010719189173847732,0.0012988317731867927
0.2465753424657534,-0.1487341772151899,0.6495679373151688,0.25032956171765897,0.6391416887214475,0.24916062616030676,0.010426248593721321,0.001168935557352202
0.2465753424657534,-0.1392405063291139,0.7269521294730197,0.24677489903520158,0.7177087106879356,0.24581432012797894,0.009243418785084057,0.0009605789072226478
0.2465753424657534,-0.12974683544303794,0.8132921009100045,0.24315078762849412,0.8062770648999918,0.24247371961056247,0.007015036010012632,0.000677068017931659
0.2465753424657534,-0.120253164556962,0.9095022963189479,0.23944589213767287,0.9055902076507726,0.23909439819303058,0.003912088668175273,0.00035149394464228934
0.2465753424657534,-0.11075949367088606,1.0166611283365228,0.23565542440056064,1.0164487474284958,0.23563761518466314,0.00021238090802699894,1.780921589750184e-05
0.2465753424657534,-0.10126582278481011,1.136041506634669,0.2317806428667839,1.1389491512573144,0.2320088727764627,0.0029076446226454777,0.00022822990967880097
0.2465753424657534,-0.09177215189873417,1.2690056370851295,0.22781825298274155,1.2741711960410866,0.22819896251649102,0.005165558955957161,0.00038070953374946814
0.2465753424657534,-0.08227848101265822,1.4169649267011692,0.22375786468098113,1.4241147207055234,0.2242542607764117,0.007149794004354115,0.0004963960954305624
0.2465753424657534,-0.07278481012658228,1.5814986457367013,0.21959067579903724,1.5909395052070734,0.2202103010048347,0.009440859470372098,0.0006196252057974749
0.2465753424657534,-0.06329113924050633,1.7644569119063789,0.2153143929550742,1.7779871544573291,0.2161570559472074,0.013530242550950256,0.000842662992133203
0.2465753424657534,-0.05379746835443039,1.9679042642423639,0.21092718493608348,1.9851125957853528,0.211948633922508,0.017208331542988953,0.0010214489864245335
0.2465753424657534,-0.044303797468354444,2.1940393329240067,0.20642197019805242,2.2146176032568246,0.20759181263075976,0.020578270332817894,0.0011698424327073464
0.2465753424657534,-0.034810126582278444,2.4452757912833363,0.20179091049737816,2.468782029903116,0.20307772937352975,0.02350623861977974,0.0012868188761515909
0.2465753424657534,-0.0253164556962025,2.7244026691624583,0.19703307800394754,2.7508604412939186,0.19843652524173178,0.026457772131460278,0.0014034472377842389
0.2465753424657534,-0.015822784810126556,3.0346144805262867,0.19215435052734792,3.0651552002381592,0.19373531483241813,0.030540719711872555,0.0015809643050702094
0.2465753424657534,-0.006329113924050611,3.3794309097651194,0.18716279739559555,3.414971677034006,0.18897312840595992,0.035540767268886775,0.0018103310103643744
0.2465753424657534,0.0031645569620253333,3.446536596290514,0.18207086748110501,3.4588648699173388,0.18269476163674536,0.01232827362682487,0.0006238941556403477
0.2465753424657534,0.012658227848101333,2.9180624617032365,0.17690524957842857,2.935518619322557,0.17779300546330462,0.0174561576193204,0.0008877558848760514
0.2465753424657534,0.022151898734177222,2.428088235488147,0.1717141320637101,2.4505378917712926,0.1728770268300247,0.022449656283145547,0.0011628947663145928
0.2465753424657534,0.03164556962025322,1.9815253386662874,0.16656695434797414,2.0090758824972923,0.16804377234219292,0.02755054383100486,0.001476817994218782
0.2465753424657534,0.04113924050632911,1.5830063773903547,0.16155310360760022,1.615619926526382,0.16339585453879868,0.03261354913602732,0.0018427509311984558
0.2465753424657534,0.05063291139240511,1.2363099696745223,0.15678346310810032,1.271051479361281,0.1588969471828916,0.03474150968675871,0.002113484074791283
0.2465753424657534,0.060126582278481,0.9435909396826823,0.15238589528964092,0.9779976651129055,0.15469341343754595,0.03440672543022327,0.00230751814790503
0.2465753424657534,0.069620253164557,0.7044910032170186,0.14848418223536652,0.7367754206486334,0.15093223928780636,0.03228441743161481,0.0024480570524398337
0.2465753424657534,0.07911392405063289,0.5156343384972182,0.14516639795682929,0.5447574545497674,0.147728238180442,0.029123116052549247,0.0025618402236127213
0.2465753424657534,0.08860759493670889,0.37102595823349205,0.14246448681827462,0.39656188892493466,0.1451360019163611,0.02553593069144261,0.0026715150980864966
0.2465753424657534,0.09810126582278478,0.2632374881654247,0.1403603101484448,0.28385823082220385,0.14298887963439524,0.020620742656779156,0.002628569485950444
0.2465753424657534,0.10759493670886078,0.18468721152827605,0.13880755793240973,0.20027471997308205,0.14128319261038197,0.015587508444805998,0.0024756346779722382
0.2465753424657534,0.11708860759493678,0.12846833088072174,0.1377437104858606,0.13966584764629178,0.14000402338501244,0.011197516765570042,0.0022603128991518506
0.2465753424657534,0.12658227848101267,0.0887376042174779,0.1370872794119879,0.09553948479057173,0.13886871788576244,0.0068018805730938325,0.0017814384737745437
0.2465753424657534,0.13607594936708867,0.060889144734851186,0.13674858533195489,0.0645518100329189,0.1380152725065432,0.003662665298067719,0.0012666871745883046
0.2465753424657534,0.14556962025316456,0.041533052248868385,0.13666678261377718,0.04345867984982993,0.1375581048820303,0.0019256276009615436,0.0008913222682531141
0.2465753424657534,0.15506329113924056,0.028228290609910944,0.13682480011469617,0.02917042158812366,0.13741512824066127,0.000942130978212715,0.0005903281259651005
0.2465753424657534,0.16455696202531644,0.019147364130720934,0.1371950753431712,0.019656443433225538,0.13763002161109827,0.0005090793025046038,0.00043494626792706104
0.2465753424657534,0.17405063291139244,0.01292398518201543,0.13768621761513816,0.013019686620659629,0.1377993546812762,9.570143864419921e-05,0.00011313706613802488
0.2465753424657534,0.18354430379746833,0.008648418713513906,0.13821885962094693,0.00889464592155462,0.1386209674549587,0.00024622720804071477,0.0004021078340117612
0.2465753424657534,0.19303797468354433,0.005771222283701777,0.13886072713808817,0.006400541123057542,0.1402609147468677,0.0006293188393557648,0.001400187608779524
0.2465753424657534,0.20253164556962022,0.0038862630609986515,0.1397381075074272,0.004720818886430106,0.14224366325135557,0.0008345558254314548,0.002505555743928356
0.2465753424657534,0.21202531645569622,0.002621021944536242,0.1407197214991086,0.003358133789958345,0.1437558330862829,0.0007371118454221029,0.0030361115871742894
0.2465753424657534,0.22151898734177222,0.001719330172477801,0.1414553918257776,0.0023396253642104484,0.14503815251025481,0.0006202951917326474,0.0035827606844772153
0.2465753424657534,0.2310126582278481,0.0011005010284063643,0.1420152284507108,0.0016981494532414816,0.14682875054153233,0.0005976484248351173,0.0048135220908215315
0.2465753424657534,0.2405063291139241,0.0007386891261089781,0.14315188902430412,0.001282857150243591,0.14906258361163438,0.000544168024134613,0.005910694587330262
0.2465753424657534,0.25,0.0005301826307416817,0.14497996347590925,0.001046934895981152,0.1521197058360499,0.0005167522652394702,0.007139742360140644
0.4931506849315068,-0.5,0.10381383659968435,0.33251953313438043,0.1038573135898248,0.33253949137711447,4.347699014045636e-05,1.9958242734041676e-05
0.4931506849315068,-0.49050632911392406,0.11168249129421781,0.3303483827300373,0.11201174106388913,0.33049031163351206,0.00032924976967131647,0.00014192890347475284
0.4931506849315068,-0.4810126582278481,0.12014130506646126,0.3281583031944033,0.12092124791565224,0.3284740168899537,0.0007799428491909871,0.0003157136955503903
0.4931506849315068,-0.47151898734177217,0.12923212283212138,0.3259480791515206,0.13041434239801167,0.32639772168964565,0.0011822195658902912,0.0004496425381250724
0.4931506849315068,-0.4620253164556962,0.13900720583367843,0.3237192333137957,0.14058769678513516,0.32428424809223333,0.0015804909514567367,0.0005650147784376225
0.4931506849315068,-0.4525316455696202,0.14952142900843057,0.32147252005251237,0.15136822468777894,0.32209347006466965,0.0018467956793483675,0.0006209500121572842
0.4931506849315068,-0.44303797468354433,0.16082600407921888,0.31920601152994543,0.16304663162017552,0.31990831256883245,0.0022206275409566434,0.000702301038887021
0.4931506849315068,-0.43354430379746833,0.17297495992910683,0.3169176774628858,0.17569684474597722,0.31772749969279734,0.0027218848168703846,0.0008098222299115498
0.4931506849315068,-0.4240506329113924,0.18603385880150825,0.31460783915762136,0.18928139827890775,0.3155171080118514,0.0032475394773995025,0.0009092688542300387
0.4931506849315068,-0.41455696202531644,0.20007633763266597,0.31227749778591785,0.20380160664894423,0.3132594843066285,0.00372526901627826,0.0009819865207106315
0.4931506849315068,-0.4050632911392405,0.21517486426652965,0.30992573599504103,0.21926072847417527,0.31094025361321787,0.0040858642076456175,0.0010145176181768356
0.4931506849315068,-0.39556962025316456,0.23140212026385143,0.3075504210562993,0.23565228187346227,0.3085450595941607,0.004250161609610836,0.0009946385378613587
0.4931506849315068,-0.3860759493670886,0.24884138043213966,0.3051507892851829,0.2531252977427101,0.30609611662112346,0.004283917310570429,0.000945327335940549
0.4931506849315068,-0.37658227848101267,0.2675888614173658,0.30272747863765426,0.27213552097587745,0.3036735533599596,0.004546659558511634,0.0009460747223053456
0.4931506849315068,-0.36708860759493667,0.2877446959704315,0.3002802423132317,0.29277846880107644,0.30126803563018334,0.005033772830644934,0.0009877933169516462
0.4931506849315068,-0.3575949367088608,0.309408732801316,0.2978072968291882,0.31474941603200224,0.29879617048032436,0.005340683230686261,0.0009888736511361462
0.4931506849315068,-0.3481012658227848,0.33268928797082253,0.2953071474127946,0.3384707328262715,0.296317474079394,0.005781444855448958,0.0010103266665993926
0.4931506849315068,-0.3386075949367089,0.35771089460003225,0.292779724214858,0.3640574533754526,0.29382678224372694,0.006346558775420341,0.0010470580288689524
0.4931506849315068,-0.3291139240506329,0.38460877149304906,0.29022502025045904,0.39123203075325813,0.2912572353258245,0.006623259260209069,0.001032215075365439
0.4931506849315068,-0.31962025316455694,0.4135204940809274,0.287641706056625,0.4203119547078426,0.28864198840927735,0.006791460626915213,0.0010002823526523708
0.4931506849315068,-0.310126582278481,0.4445903339833279,0.28502796322603285,0.4512074882000534,0.28594956977604546,0.006617154216725485,0.0009216065500126103
0.4931506849315068,-0.30063291139240506,0.4779802331758134,0.282382948911754,0.4844505184840428,0.28323539311920753,0.0064702853082294065,0.0008524442074535621
0.4931506849315068,-0.2911392405063291,0.5138700543479189,0.27970646287943535,0.5199448775432299,0.2804639308109196,0.006074823195311052,0.0007574679314842347
0.4931506849315068,-0.28164556962025317,0.5524481211243,0.27699752258376276,0.5582073269857136,0.27767740668832375,0.005759205861413652,0.0006798841045609905
0.4931506849315068,-0.2721518987341772,0.5939098685896198,0.2742542607229777,0.5994151041238568,0.2748698113925194,0.005505235534236985,0.0006155506695417201
0.4931506849315068,-0.2626582278481012,0.6384688164437904,0.2714751895092705,0.6437440942834842,0.27203409946824375,0.005275277839693837,0.0005589099589732305
0.4931506849315068,-0.25316455696202533,0.6863631407295117,0.26865962209224326,0.691806435974403,0.26920628515938494,0.005443295244891289,0.0005466630671416839
0.4931506849315068,-0.24367088607594933,0.7378487198450188,0.26580666905883954,0.7440447738885289,0.26639671662387954,0.006196054043510091,0.0005900475650399972
0.4931506849315068,-0.2341772151898734,0.7931928786896805,0.2629145480904854,0.8005178732356125,0.26357631797100645,0.007324994545932051,0.0006617698805210237
0.4931506849315068,-0.22468354430379744,0.8526822274773451,0.2599813103946974,0.8613168096880384,0.26072181777797865,0.008634582210693242,0.0007405073832812414
0.4931506849315068,-0.2151898734177215,0.9166342027676535,0.257005663761406,0.9267987713978858,0.25783367937777624,0.010164568630232296,0.0008280156163702479
0.4931506849315068,-0.20569620253164556,0.9853957982376613,0.2539865394979588,0.9970142989832368,0.254886197103238,0.011618500745575466,0.0008996576052792138
0.4931506849315068,-0.1962025316455696,1.0593351866092462,0.25092222280666876,1.0727473878315958,0.2519100976143456,0.013412201222349651,0.000987874807676814
0.4931506849315068,-0.18670886075949367,1.138844614268777,0.24781050878134486,1.1544118475573315,0.24890196994217612,0.015567233288554583,0.001091461160831253
0.4931506849315068,-0.17721518987341772,1.22435426227581,0.24464952662776918,1.2419365849703092,0.24582400704688878,0.01758232269449933,0.0011744804191196057
0.4931506849315068,-0.16772151898734178,1.3163385277397737,0.2414378549148649,1.336148087481073,0.24269965846671232,0.019809559741299276,0.0012618035518474069
0.4931506849315068,-0.15822784810126583,1.4153097148654155,0.23817378932232403,1.4378545209070022,0.23954434806760466,0.022544806041586707,0.0013705587452806367
0.4931506849315068,-0.1487341772151899,1.5218164960229927,0.23485506091552866,1.5474836682604831,0.23634576376515404,0.025667172237490377,0.0014907028496253805
0.4931506849315068,-0.1392405063291139,1.6364574082092815,0.23147943917691705,1.6655030989513315,0.23309277392630964,0.02904569074204999,0.0016133347493925976
0.4931506849315068,-0.12974683544303794,1.759895043465363,0.22804518718989097,1.7937889646555025,0.22984762233106815,0.03389392119013945,0.0018024351411771722
0.4931506849315068,-0.120253164556962,1.892856597388601,0.22455068910978676,1.9320164665620216,0.2265469883577082,0.039159869173420736,0.0019962992479214403
0.4931506849315068,-0.11075949367088606,2.0361312907263454,0.22099395423460505,2.0805826433946346,0.2231692839489932,0.04445135266828926,0.0021753297143881634
0.4931506849315068,-0.10126582278481011,2.1905824556226605,0.21737291735654096,2.240390755670641,0.21971636360099633,0.049808300047980314,0.0023434462444553716
0.4931506849315068,-0.09177215189873417,2.357169180238884,0.21368604761411525,2.413397335158782,0.21623358272301052,0.056228154919897744,0.0025475351088952713
0.4931506849315068,-0.08227848101265822,2.5369584386597666,0.20993239331207414,2.5998045976092095,0.21267931468849344,0.0628461589494429,0.002746921376419298
0.4931506849315068,-0.07278481012658228,2.731127677369898,0.20611116981114996,2.8006436447203447,0.20904830218152182,0.06951596735044685,0.0029371323703718533
0.4931506849315068,-0.06329113924050633,2.9409774449077304,0.2022218206461055,3.0174553090777656,0.2053522769561295,0.07647786417003521,0.00313045631002401
0.4931506849315068,-0.05379746835443039,3.167960114615738,0.1982646904062928,3.2515556158521814,0.20158793107095313,0.08359550123644333,0.003323240664660332
0.4931506849315068,-0.044303797468354444,3.413706939827918,0.19424152357530577,3.505821477681068,0.19780778704455987,0.09211453785315005,0.003566263469254094
0.4931506849315068,-0.034810126582278444,3.680042154958471,0.19015544474037605,3.781581885629492,0.19399594952893923,0.10153973067102084,0.0038405047885631816
0.4931506849315068,-0.0253164556962025,3.9689981868716586,0.18601107850015397,4.079563011295466,0.19011107653301007,0.11056482442380755,0.0040999980328561
0.4931506849315068,-0.015822784810126556,4.282845974552032,0.1818153888191773,4.401843359305377,0.18615927578661987,0.11899738475334498,0.004343886967442562
0.4931506849315068,-0.006329113924050611,4.624127412531465,0.1775787954508054,4.750939075159492,0.1821569117915251,0.12681166262802712,0.004578116340719696
0.4931506849315068,0.0031645569620253333,4.6802691643909355,0.17331594635287775,4.755447573054187,0.17601436386763147,0.07517840866325187,0.0026984175147537204
0.4931506849315068,0.012658227848101333,4.132957842985022,0.16904637601635786,4.2146427244201945,0.17197956481771076,0.08168488143517294,0.002933188801352904
0.4931506849315068,0.022151898734177222,3.613255702144933,0.16479568999123034,3.7016449688816238,0.1679936799934642,0.08838926673669079,0.0031979900022338636
0.4931506849315068,0.03164556962025322,3.124601878656236,0.16059714988110446,3.219101510610921,0.1640704394179207,0.09449963195468492,0.0034732895368162486
0.4931506849315068,0.04113924050632911,2.6704936784971096,0.15649268673858863,2.7703427186040828,0.1602557281900865,0.09984904010697315,0.0037630414514978616
0.4931506849315068,0.05063291139240511,2.254262168528527,0.1525326321458974,2.357729741676796,0.15657334043754223,0.10346757314826904,0.004040708291644823
0.4931506849315068,0.060126582278481,1.878760040945025,0.14877409363903882,1.9851351479839516,0.15312930374273614,0.10637510703892672,0.004355210103697327
0.4931506849315068,0.069620253164557,1.5459929825141927,0.14527775270439375,1.652865340761895,0.14992352613756427,0.10687235824770225,0.004645773433170519
0.4931506849315068,0.07911392405063289,1.2567466855450213,0.1421024590332578,1.3606438278383348,0.14696302164515251,0.10389714229331348,0.004860562611894714
0.4931506849315068,0.08860759493670889,1.010305764769285,0.13929774443458637,1.1056114080565802,0.14416513422301597,0.09530564328729518,0.004867389788429599
0.4931506849315068,0.09810126582278478,0.8043910805498697,0.13689637225441217,0.8871702357508278,0.14157911686541458,0.08277915520095802,0.004682744611002404
0.4931506849315068,0.10759493670886078,0.6353874588255124,0.1349100917090672,0.703320579590601,0.13922845869178646,0.06793312076508862,0.004318366982719257
0.4931506849315068,0.11708860759493678,0.4988026197578286,0.13333021937971357,0.5518497133327842,0.13717177830901378,0.05304709357495563,0.003841558929300215
0.4931506849315068,0.12658227848101267,0.3897973552651841,0.13213180979124026,0.43184076286968176,0.135639782944819,0.04204340760449765,0.0035079731535787306
0.4931506849315068,0.13607594936708867,0.3036383018774096,0.13127888828096818,0.33588873726514673,0.13441373403069284,0.03225043538773714,0.0031348457497246685
0.4931506849315068,0.14556962025316456,0.23600870431376553,0.13072956861618784,0.2609012637488224,0.13357378351555277,0.02489255943505686,0.0028442148993649274
0.4931506849315068,0.15506329113924056,0.18317691893050103,0.13044122649105067,0.2015833893306154,0.13293595793837726,0.018406470400114366,0.0024947314473265925
0.4931506849315068,0.16455696202531644,0.1420416335991388,0.13037476498395256,0.15429125211467218,0.13236315497492496,0.012249618515533384,0.0019883899909723945
0.4931506849315068,0.17405063291139244,0.11008612455017586,0.1304959277223613,0.11735296357338057,0.1319201481101307,0.007266839023204713,0.0014242203877694037
0.4931506849315068,0.18354430379746833,0.08529334887796391,0.13077387628758652,0.08827378125393465,0.13148560231090994,0.002980432375970732,0.0007117260233234224
0.4931506849315068,0.19303797468354433,0.0660664397245585,0.13118070127042925,0.0658570028475536,0.13111928520336907,0.00020943687700490654,6.141606706017155e-05
0.4931506849315068,0.20253164556962022,0.05116110304367938,0.13169384603817752,0.04871617644653047,0.13080677060085616,0.0024449265971489068,0.0008870754373213607
0.4931506849315068,0.21202531645569622,0.03961455797403768,0.13229725924628982,0.03581826729597206,0.13058230323437126,0.0037962906780656183,0.001714956011918567
0.4931506849315068,0.22151898734177222,0.03067412549439763,0.13297732030213963,0.026403068008273904,0.1305679329270737,0.004271057486123726,0.0024093873750659356
0.4931506849315068,0.2310126582278481,0.02374723968042658,0.13371837367327905,0.01941990933106684,0.1306571536295434,0.00432733034935974,0.0030612200437356574
0.4931506849315068,0.2405063291139241,0.01837642279492263,0.13450626325660225,0.014315344946684338,0.13089480852365848,0.004061077848238294,0.003611454732943775
0.4931506849315068,0.25,0.01421632816152918,0.13533550356215562,0.010561157526037333,0.13123883908203338,0.003655170635491846,0.004096664480122247
1.0,-0.5,0.459361280731585,0.30060182799760327,0.45275200657310355,0.2997317305707832,0.0066092741584814485,0.0008700974268200934
1.0,-0.49050632911392406,0.4819033653345386,0.29860996417343455,0.47524971748540534,0.2977677877973456,0.0066536478491332485,0.0008421763760889656
1.0,-0.4810126582278481,0.505570512400368,0.29660344831689,0.4987880590298573,0.29577792398840186,0.006782453370510699,0.0008255243284881475
1.0,-0.47151898734177217,0.5304207446097422,0.29458199870289137,0.5234973628984532,0.2937715757699205,0.006923381711289034,0.0008104229329708446
1.0,-0.4620253164556962,0.5565152936240878,0.29254533826297335,0.5492933794395755,0.2917321679284128,0.007221914184512346,0.0008131703345605756
1.0,-0.4525316455696202,0.5839187221409006,0.2904931666456061,0.5763061237798427,0.2896685317301749,0.007612598361057876,0.0008246349154311661
1.0,-0.44303797468354433,0.6126991321750381,0.28842518349925983,0.6046660119317719,0.28758790587990346,0.00803312024326619,0.0008372776193563691
1.0,-0.43354430379746833,0.6429284605690597,0.2863410768308728,0.6344541944271014,0.28549112158299494,0.008474266141958342,0.0008499552478778427
1.0,-0.4240506329113924,0.6746827390698797,0.28424053231907676,0.6657754029166372,0.2833807236783792,0.008907336153242573,0.000859808640697568
1.0,-0.41455696202531644,0.7080422842577576,0.2821232309858903,0.6990323151867465,0.2812862024953223,0.009009969071011148,0.0008370284905679926
1.0,-0.4050632911392405,0.7430919333550037,0.2799888375551878,0.7343468545198265,0.27920692939108804,0.008745078835177167,0.0007819081640997316
1.0,-0.39556962025316456,0.77992139769907,0.27783700976592285,0.771684359660889,0.2771281242764464,0.008237038038180988,0.0007088854894764518
1.0,-0.3860759493670886,0.8186256409466779,0.27566740302874426,0.8109862317745845,0.2750344901781401,0.007639409172093381,0.0006329128506041837
1.0,-0.37658227848101267,0.8593051857244802,0.2734796680976871,0.8527501997899287,0.2729568387393354,0.006554985934551505,0.0005228293583516841
1.0,-0.36708860759493667,0.902066417942919,0.2712734405927947,0.8965174679707463,0.27084725224951123,0.005548949972172701,0.00042618834328345123
1.0,-0.3575949367088608,0.9470220102881655,0.2690483491491912,0.9425409923446836,0.2687168693266372,0.00448101794348188,0.0003314798225539928
1.0,-0.3481012658227848,0.994291435257395,0.26680401541708126,0.9913656866082716,0.2665955423516302,0.0029257486491234275,0.0002084730654510758
1.0,-0.3386075949367089,1.0440014415416812,0.26454006104667005,1.0429226913147307,0.2644660080964507,0.0010787502269504756,7.405295021933878e-05
1.0,-0.3291139240506329,1.0962864922568087,0.2622560960466298,1.0970409851088196,0.26230600678745686,0.0007544928520109018,4.991074082705271e-05
1.0,-0.31962025316455694,1.1512892980811813,0.2599517187841015,1.1540739316151798,0.26012927194013713,0.002784633533998493,0.00017755315603562583
1.0,-0.310126582278481,1.2091614927126244,0.2576265276262252,1.2142538563569631,0.257939559112766,0.005092363644338738,0.0003130314865408268
1.0,-0.30063291139240506,1.2700643380057812,0.25528011395522243,1.277785091932604,0.25573776703162643,0.007720753926822699,0.00045765307640399655
1.0,-0.2911392405063291,1.3341693864869058,0.2529120668250078,1.3444137193684054,0.2534978041127658,0.010244332881499618,0.0005857372877580147
1.0,-0.28164556962025317,1.4016592031517234,0.2505219671404235,1.414422139663763,0.2512260807658679,0.012762936512039635,0.0007041136254443692
1.0,-0.2721518987341772,1.4727282598719285,0.24810939231385232,1.4879895322743473,0.24892201898886107,0.015261272402418813,0.0008126266750087541
1.0,-0.2626582278481012,1.5475839445591362,0.24567391975767677,1.5654585863568964,0.24659284177037344,0.017874641797760216,0.0009189220126966657
1.0,-0.25316455696202533,1.6264475668771894,0.24321512863050931,1.6473343271443721,0.24425213245012872,0.020886760267182725,0.0010370038196194087
1.0,-0.24367088607594933,1.709555398731652,0.2407325969268092,1.7336728975256734,0.24188938803781268,0.024117498794021364,0.0011567911110034745
1.0,-0.2341772151898734,1.7971598960746604,0.2382259026410356,1.8247656981784126,0.23950554684091735,0.027605802103752186,0.0012796441998817465
1.0,-0.22468354430379744,1.889531124280225,0.23569463249879696,1.9209020113733335,0.23710049942904043,0.031370887093108424,0.0014058669302434712
1.0,-0.2151898734177215,1.9869582656541382,0.23313838195685055,2.022253120066744,0.2346681834743099,0.035294854412605936,0.0015298015174593504
1.0,-0.20569620253164556,2.0897511730525338,0.23055675811348614,2.12924492491689,0.2322130751458411,0.03949375186435633,0.0016563170323549703
1.0,-0.1962025316455696,2.1982421058100243,0.2279493820368319,2.2427565467461714,0.22975651570038863,0.04451444093614709,0.0018071336635567259
1.0,-0.18670886075949367,2.3127877509109993,0.22531589400354413,2.3623422175908226,0.22726424760126696,0.04955446667982333,0.0019483535977228295
1.0,-0.17721518987341772,2.433771451479842,0.2226559622299562,2.488120309495824,0.22472663806269086,0.05434885801598188,0.002070675832734653
1.0,-0.16772151898734178,2.5616055479503217,0.21996929102115137,2.6207477533049532,0.222154055615278,0.05914220535463155,0.0021847645941266425
1.0,-0.15822784810126583,2.6967339174245666,0.217255621353039,2.760712428169768,0.21954855789983774,0.06397851074520133,0.0022929365467987406
1.0,-0.1487341772151899,2.8396348687785746,0.21451474367804024,2.908956590532326,0.21692662059475848,0.0693217217537514,0.0024118769167182363
1.0,-0.1392405063291139,2.9908243925899995,0.2117465124770031,3.066074323153973,0.21428994627411863,0.07524993056397333,0.002543433797115524
1.0,-0.12974683544303794,3.150859647413057,0.20895086139319435,3.232424641207743,0.21163111986400918,0.08156499379468585,0.0026802584708148225
1.0,-0.120253164556962,3.3203426896829455,0.20612781487383147,3.4082267095951098,0.20893780192241795,0.08788401991216421,0.002809987048586482
1.0,-0.11075949367088606,3.499924608335945,0.2032775073786109,3.594183525826846,0.20621266418097534,0.09425891749090098,0.002935156802364447
1.0,-0.10126582278481011,3.690310139158143,0.20040021190146184,3.791104742427093,0.20345996976875824,0.10079460326894996,0.0030597578672963976
1.0,-0.09177215189873417,3.8922626453807823,0.19749637023852956,4.000207500273506,0.20069419842346642,0.10794485489272354,0.0031978281849368573
1.0,-0.08227848101265822,4.106609368532347,0.1945666244203128,4.2233089212526504,0.19794438470838216,0.11669955272030386,0.0033777602880693536
1.0,-0.07278481012658228,4.3342470258752,0.19161185745702586,4.460901517532797,0.19519814960028364,0.12665449165759668,0.0035862921432577854
1.0,-0.06329113924050633,4.576147828433832,0.1886332468896466,4.71391509953365,0.19245492208201853,0.13776727109981746,0.0038216751923719205
1.0,-0.05379746835443039,4.833365767211305,0.18563232649003703,4.982731458872441,0.18969792495951532,0.1493656916611359,0.004065598469478293
1.0,-0.044303797468354444,5.107042875725369,0.1826110587294809,5.269136781565853,0.18694775093901067,0.162093905840484,0.004336692209529758
1.0,-0.034810126582278444,5.398415256228745,0.17957192005290695,5.5742957568907485,0.1842059652245035,0.17588050066200367,0.004634045171596546
1.0,-0.0253164556962025,5.708818668751221,0.17651800448852478,5.898049174265538,0.1814384686041457,0.18923050551431775,0.004920464115620915
1.0,-0.015822784810126556,6.039693196738284,0.17345314763014247,6.241994234311188,0.1786567486508338,0.20230103757290419,0.00520360102069134
1.0,-0.006329113924050611,6.39258612638082,0.17038206779074438,6.608005314953591,0.1758775933270566,0.21541918857277054,0.005495525536312218
1.0,0.0031645569620253333,6.455348812615647,0.16731052752874948,6.673444748599408,0.17284452483638885,0.21809593598376154,0.005533997307639371
1.0,0.012658227848101333,5.909955498181674,0.16424551001722337,6.138227339382269,0.17002512735528133,0.22827184120059485,0.005779617338057957
1.0,0.022151898734177222,5.382807157766969,0.16119541636784906,5.621155431759042,0.16723840008794943,0.2383482739920728,0.00604298372010037
1.0,0.03164556962025322,4.875744908071134,0.1581702594624369,5.123122078139491,0.16447537032348114,0.2473771700683569,0.006305110861044239
1.0,0.04113924050632911,4.390656963185812,0.15518184730705598,4.643871515087685,0.16169808899534333,0.25321455190187336,0.00651624168828735
1.0,0.05063291139240511,3.9294374654190634,0.1522439128351183,4.185651696677961,0.15893293581540924,0.2562142312588973,0.0066890229802909484
1.0,0.060126582278481,3.4939300475781394,0.14937216513011975,3.7511318486376433,0.15622009502438655,0.25720180105950385,0.006847929894266802
1.0,0.069620253164557,3.085854843539188,0.14658420211414908,3.340199800719342,0.15353007163639637,0.25434495718015393,0.006945869522247294
1.0,0.07911392405063289,2.7067197001923446,0.14389922474827338,2.9547480534782853,0.15089001719689404,0.24802835328594064,0.006990792448620664
1.0,0.08860759493670889,2.3577199398457296,0.14133749511921623,2.598677010836475,0.14839340273174068,0.2409570709907456,0.007055907612524448
1.0,0.09810126582278478,2.0396357271669423,0.1389195133830335,2.2701495532833005,0.14598216318890822,0.23051382611635818,0.007062649805874732
1.0,0.10759493670886078,1.7527406383134405,0.13666494034131293,1.9697275667103795,0.14367274979956765,0.216986928396939,0.007007809458254716
1.0,0.11708860759493678,1.4967377443543803,0.1345913529613852,1.6967299414043013,0.1414525943655997,0.199992197049921,0.006861241404214513
1.0,0.12658227848101267,1.2707386231230622,0.13271300222484328,1.451804576833883,0.13936383574096184,0.1810659537108208,0.0066508335161185594
1.0,0.13607594936708867,1.0732949117644672,0.1310397723745671,1.2343011679541611,0.13742163120052553,0.16100625618969389,0.006381858825958431
1.0,0.14556962025316456,0.9024818245814927,0.12957655110783384,1.0435723836169404,0.13565781218567424,0.14109055903544765,0.006081261077840405
1.0,0.15506329113924056,0.7560216519551748,0.12832310792230678,0.8773740272938172,0.13405368006745366,0.1213523753386424,0.005730572145146884
1.0,0.16455696202531644,0.6314271546450207,0.12727448527151575,0.7338075431649338,0.13260966325424722,0.10238038851991305,0.005335177982731476
1.0,0.17405063291139244,0.5261429877915731,0.12642177098051605,0.6114804314681752,0.13136148378748602,0.08533744367660212,0.004939712806969976
1.0,0.18354430379746833,0.4376675087151405,0.12575310116388416,0.5068731139992727,0.1302322598246361,0.06920560528413222,0.004479158660751936
1.0,0.19303797468354433,0.36364474485703546,0.12525469574000303,0.41820145514206597,0.12922715554936332,0.05455671028503051,0.003972459809360285
1.0,0.20253164556962022,0.3019238840279055,0.12491182002161834,0.34408216295148036,0.12838355075727842,0.04215827892357488,0.0034717307356600807
1.0,0.21202531645569622,0.2505894639231947,0.12470955072865503,0.28267306532894426,0.12771129884120108,0.03208360140574956,0.0030017481125460543
1.0,0.22151898734177222,0.20796866516204204,0.12463333827422024,0.2316080272632969,0.12715748554500722,0.023639362101254863,0.0025241472707869805
1.0,0.2310126582278481,0.17262281139158686,0.12466940839746293,0.18912045051381554,0.12668875555075354,0.01649763912222868,0.002019347153290607
1.0,0.2405063291139241,0.14332921011751631,0.12480499266591072,0.1545972192040576,0.12639041334949147,0.011268009086541297,0.0015854206835807516
1.0,0.25,0.11905801371206604,0.12502844721909773,0.12611800422516214,0.12617420448592048,0.007059990513096109,0.0011457572668227556
